Country Name,Country Code,Indicator Name,Indicator Code,2000,2001,2002,2003,2004,2005,2006,2007,2008,2009,2010,2011,2012,2013,2014,2015,2016,2017,2018,2019
Aruba,ABW,"GDP per capita, PPP (current international $)",NY.GDP.PCAP.PP.CD,33120.05418,32117.91232,30862.22269,31387.28296,34176.4646,35207.57724,36362.21932,37865.49349,38515.2638,34693.08675,33732.84745,35492.61849,35498.98209,37419.89282,38223.37226,38249.05487,38390.27165,39454.62983,,
Afghanistan,AFG,"GDP per capita, PPP (current international $)",NY.GDP.PCAP.PP.CD,,,839.4858861,888.15337,885.840819,979.2739786,1031.643135,1176.126357,1218.118215,1454.663015,1637.377987,1626.764793,1806.76393,1874.765634,1897.525938,1886.692977,1896.99252,1934.636754,1955.006208,
Angola,AGO,"GDP per capita, PPP (current international $)",NY.GDP.PCAP.PP.CD,3097.307292,3191.266323,3564.096026,3614.607278,3978.697194,4555.185842,5048.876449,5697.251328,6221.423373,6092.783245,6230.297028,6346.395122,6772.528333,6980.423038,7199.245478,7096.600615,6756.935074,6650.58494,6452.355165,
Albania,ALB,"GDP per capita, PPP (current international $)",NY.GDP.PCAP.PP.CD,3861.334172,4301.352799,4661.371553,4994.518807,5422.778462,5865.306196,6559.783257,7276.302969,8228.374239,8814.810856,9628.025783,10207.75235,10526.23545,10571.01065,11259.22589,11662.03048,11868.17897,12930.14003,13364.1554,
Andorra,AND,"GDP per capita, PPP (current international $)",NY.GDP.PCAP.PP.CD,,,,,,,,,,,,,,,,,,,,
Arab World,ARB,"GDP per capita, PPP (current international $)",NY.GDP.PCAP.PP.CD,9415.632618,9584.108301,9581.797143,9974.641898,10937.31609,11646.48609,12442.18794,13041.92553,13739.72775,13640.84678,14127.77802,14518.82745,15423.46539,15824.78011,16153.24486,16501.79259,16935.3833,17099.88939,17570.1376,
United Arab Emirates,ARE,"GDP per capita, PPP (current international $)",NY.GDP.PCAP.PP.CD,82215.31447,80843.60537,79863.48973,82946.33521,85147.21909,81635.46797,79970.73625,72802.1616,66641.48428,56975.52938,54230.17367,56574.28818,58961.20201,62641.83699,66443.99758,70212.09301,72386.09047,73137.87019,75075.25741,
Argentina,ARG,"GDP per capita, PPP (current international $)",NY.GDP.PCAP.PP.CD,11916.58261,11514.61911,10310.12912,11307.75798,12527.8005,13916.53051,15334.93686,16994.69598,17850.13019,16753.39489,18524.85676,19817.45048,19764.22501,20365.61335,20008.32064,20551.83319,20130.40803,20843.15507,20610.56855,
Armenia,ARM,"GDP per capita, PPP (current international $)",NY.GDP.PCAP.PP.CD,2327.362521,2621.854364,3031.121882,3539.630267,4038.455075,4772.590047,5609.16897,6609.171824,7264.561195,6326.657969,6565.67866,7019.767748,7649.061531,8003.087763,8405.073655,8727.385447,8808.572714,9620.818491,10343.17559,
American Samoa,ASM,"GDP per capita, PPP (current international $)",NY.GDP.PCAP.PP.CD,,,,,,,,,,,,,,,,,,,,
Antigua and Barbuda,ATG,"GDP per capita, PPP (current international $)",NY.GDP.PCAP.PP.CD,16526.98722,15804.12156,15994.17615,17059.13716,18284.46766,19784.96679,22634.001,24994.55822,25064.10177,21852.20308,20134.81725,19876.21532,20672.91206,20656.38158,21599.19914,22422.02939,23670.30226,24644.55188,26868.13352,
Australia,AUS,"GDP per capita, PPP (current international $)",NY.GDP.PCAP.PP.CD,26328.67368,27336.68269,28718.24108,29693.90591,31327.37749,32575.06925,34306.65231,36560.40565,37459.30765,40300.30823,39324.36895,41965.35842,42826.78958,45902.04795,46880.22066,46276.15069,47305.88002,49628.81181,51663.36509,
Austria,AUT,"GDP per capita, PPP (current international $)",NY.GDP.PCAP.PP.CD,29380.06604,29715.22222,31178.69333,32108.63255,33743.04471,35013.71404,37623.07576,39392.54059,41316.22518,40926.52376,42006.04688,44452.73275,46457.34578,47922.04912,48799.71547,49879.26647,51809.51363,53937.06638,55454.68929,
Azerbaijan,AZE,"GDP per capita, PPP (current international $)",NY.GDP.PCAP.PP.CD,3663.445253,4082.68233,4504.976485,5018.890056,5581.871258,7290.229953,9989.206473,12724.34834,14047.66019,15162.8878,15884.04479,15754.15236,16193.39567,17216.17853,17808.9019,17973.09067,17417.08669,17525.27963,18044.13678,
Burundi,BDI,"GDP per capita, PPP (current international $)",NY.GDP.PCAP.PP.CD,571.3263123,582.4678169,601.5297558,587.2425099,612.4744378,617.0619445,648.7489871,666.8755949,689.7486433,698.1735533,718.7144691,739.219255,762.4224795,788.8937827,812.0300436,764.1957633,743.9035976,737.9785829,744.182072,
Belgium,BEL,"GDP per capita, PPP (current international $)",NY.GDP.PCAP.PP.CD,27788.43052,28800.12971,30282.28865,30898.60744,32033.87096,33177.89095,35222.60515,36755.65633,37883.33194,37757.28209,39836.89771,40942.37271,42290.76205,43671.11959,44929.68559,46213.26653,47855.49023,50220.86667,51407.99834,
Benin,BEN,"GDP per capita, PPP (current international $)",NY.GDP.PCAP.PP.CD,1326.089814,1384.897282,1428.017897,1459.584662,1518.93259,1546.708441,1609.104674,1701.971136,1769.252435,1773.729771,1781.563317,1820.889304,1891.530388,2006.327881,2114.480315,2122.235592,2169.755807,2276.59573,2424.755845,
Burkina Faso,BFA,"GDP per capita, PPP (current international $)",NY.GDP.PCAP.PP.CD,855.7447616,906.0727906,933.2403657,995.4642409,1037.231644,1128.295648,1198.756926,1261.982902,1339.245523,1348.005973,1394.2531,1472.715841,1550.630684,1620.205369,1672.023437,1704.859643,1772.848279,1866.514733,1984.884306,
Bangladesh,BGD,"GDP per capita, PPP (current international $)",NY.GDP.PCAP.PP.CD,1346.743205,1419.137782,1469.845761,1541.185923,1638.916165,1773.888588,1923.417573,2088.720935,2231.689464,2335.918717,2466.902949,2650.729933,2844.702565,3033.404632,3240.885623,3451.398507,3696.776193,3998.419424,4371.754986,
Bulgaria,BGR,"GDP per capita, PPP (current international $)",NY.GDP.PCAP.PP.CD,6377.837474,6908.956055,7726.400977,8343.138854,9122.849554,10211.27988,11313.55081,12800.81668,14328.98986,14146.1069,14934.13274,15676.13334,16208.22043,16571.02876,17534.30326,18186.48723,19500.32945,20948.19428,21960.36994,
Bahrain,BHR,"GDP per capita, PPP (current international $)",NY.GDP.PCAP.PP.CD,35763.21023,35689.48306,35551.58974,36338.58416,37461.93299,38492.09419,39170.68512,40300.17978,40565.77983,39422.3421,39740.61794,40168.32789,41753.10138,44273.42185,46331.98242,46911.96227,47215.78618,47660.71731,47303.04851,
"Bahamas, The",BHS,"GDP per capita, PPP (current international $)",NY.GDP.PCAP.PP.CD,26238.18446,27102.45479,27812.35914,27482.05591,27956.38229,29258.70162,30326.45273,30996.4288,30299.92548,28760.51286,29099.05721,29503.70807,30656.13395,29977.73977,30482.19811,30696.33839,30863.26693,31155.14475,32087.72915,
Bosnia and Herzegovina,BIH,"GDP per capita, PPP (current international $)",NY.GDP.PCAP.PP.CD,4547.97267,4751.117361,5136.520313,5373.142659,6200.620711,6479.660192,7406.347448,8188.589841,9028.865381,9030.464332,9347.583517,9976.479662,10304.01646,11016.58285,11433.16053,12013.9825,12824.03613,13735.0785,14623.67405,
Belarus,BLR,"GDP per capita, PPP (current international $)",NY.GDP.PCAP.PP.CD,6027.325186,6483.761082,6962.798228,7644.927706,8809.526945,10005.93725,11409.2556,12781.80909,14409.22188,14580.5808,15927.8747,17166.69564,17807.41774,18298.84706,18949.88244,18389.74375,18098.42286,18915.93989,19994.80408,
Belize,BLZ,"GDP per capita, PPP (current international $)",NY.GDP.PCAP.PP.CD,5437.384498,5658.088689,5873.411376,6369.457477,6669.721807,6873.415769,7214.467355,7297.398433,7484.370023,7403.044146,7555.204308,7694.355111,7886.901934,7913.061672,8179.45644,8371.374376,8242.629592,8352.944346,8648.0888,
Bermuda,BMU,"GDP per capita, PPP (current international $)",NY.GDP.PCAP.PP.CD,40694.79221,44112.32699,43861.57041,45898.5812,47914.37378,49909.88091,53960.55659,56666.44157,58305.3793,55337.67603,55241.0749,54984.51039,53137.21507,52547.33309,,,,,,
Bolivia,BOL,"GDP per capita, PPP (current international $)",NY.GDP.PCAP.PP.CD,3478.202471,3546.116063,3623.09177,3721.055939,3909.065039,4134.616513,4386.565455,4629.682798,4925.91967,5045.331273,5228.115329,5524.717798,5825.139985,6231.296345,6593.232982,6882.488916,7147.83921,7480.077141,7873.166243,
Brazil,BRA,"GDP per capita, PPP (current international $)",NY.GDP.PCAP.PP.CD,9073.976905,9274.24759,9581.992836,9747.941038,10460.55063,11004.95618,11659.39278,12568.1979,13332.14386,13288.43548,14320.36869,15061.95319,15506.55426,16111.44268,16358.39077,15813.85544,15331.54852,15662.24047,16096.40096,
Barbados,BRB,"GDP per capita, PPP (current international $)",NY.GDP.PCAP.PP.CD,12734.21678,12659.77483,12917.43431,13399.25767,13905.82076,14850.10279,16099.4947,16765.32442,17170.59085,16392.95742,16164.98116,16321.98342,16582.13009,16607.18236,16861.34651,17386.93959,17947.96334,18229.58768,18554.12928,
Brunei Darussalam,BRN,"GDP per capita, PPP (current international $)",NY.GDP.PCAP.PP.CD,65305.76557,67184.3545,69510.20853,71514.39372,72549.22496,73930.4777,78411.6146,79631.19236,78670.55795,76961.8122,78907.87122,82502.9353,83725.42103,82263.49831,80782.0315,80177.75612,78134.66652,79789.48786,80920.04868,
Bhutan,BTN,"GDP per capita, PPP (current international $)",NY.GDP.PCAP.PP.CD,2640.679535,2865.296749,3161.84584,3406.512427,3641.685222,3968.817637,4317.784502,5181.00986,5472.363625,5822.685951,6517.066344,7097.18994,7513.686888,7712.881979,8108.300979,8705.598204,9392.257873,9860.605042,10167.93406,
Botswana,BWA,"GDP per capita, PPP (current international $)",NY.GDP.PCAP.PP.CD,8528.969125,8574.343766,9076.228393,9506.492466,9849.796995,10421.37193,11401.3476,12409.29787,13158.84871,12007.23239,12964.35144,13838.60282,14558.06641,16310.10289,17092.12224,16724.51778,17314.77444,17784.84904,18615.79334,
Central African Republic,CAF,"GDP per capita, PPP (current international $)",NY.GDP.PCAP.PP.CD,676.8110417,706.6981799,728.1662565,687.3649048,733.3177346,748.1942658,791.9856238,834.5316894,852.9298062,919.4085589,962.2919722,1016.218552,1083.689925,699.5928807,710.8121645,744.7345426,780.9055326,821.2162029,859.9356196,
Canada,CAN,"GDP per capita, PPP (current international $)",NY.GDP.PCAP.PP.CD,29265.08444,30107.65694,30853.20132,32225.05212,33796.9992,36211.0846,37999.0386,39439.80689,40275.9899,38797.38505,40012.3914,41569.44962,42189.19611,44188.73171,45645.5643,44567.86635,45011.64317,46723.31776,48130.25597,
Central Europe and the Baltics,CEB,"GDP per capita, PPP (current international $)",NY.GDP.PCAP.PP.CD,9998.133467,10782.25744,11606.67435,12301.66286,13445.65139,14282.39703,15878.13511,17719.18489,19650.1993,19672.21067,20739.74609,22154.24909,22970.44874,23970.20777,24983.49474,26080.23562,27360.06805,29651.18951,31214.20902,
Switzerland,CHE,"GDP per capita, PPP (current international $)",NY.GDP.PCAP.PP.CD,35754.54761,36778.01064,37718.28483,37713.3375,39170.03225,40572.26448,45106.41668,49746.38939,52584.72681,51769.03029,53067.72464,56183.82162,57849.57204,60108.52002,61902.12954,63938.98939,64323.92524,66395.85634,68060.94105,
Channel Islands,CHI,"GDP per capita, PPP (current international $)",NY.GDP.PCAP.PP.CD,,,,,,,,,,,,,,,,,,,,
Chile,CHL,"GDP per capita, PPP (current international $)",NY.GDP.PCAP.PP.CD,9553.566623,9972.651027,10333.06363,10841.32389,11812.63501,12746.58339,15753.96299,16941.83598,16501.80692,16159.60523,18161.80392,20342.57092,21507.7074,22439.27836,22786.6556,22688.01003,22874.14942,24248.86076,25222.52778,
China,CHN,"GDP per capita, PPP (current international $)",NY.GDP.PCAP.PP.CD,2936.287745,3227.419438,3553.923793,3958.471977,4449.561919,5081.049041,5867.796877,6847.069623,7615.029533,8352.689933,9303.7337,10355.49571,11328.28171,12361.39797,13446.40239,14454.99797,15513.27304,16782.20776,18236.61298,
Cote d'Ivoire,CIV,"GDP per capita, PPP (current international $)",NY.GDP.PCAP.PP.CD,2378.610507,2376.207237,2321.401906,2283.588006,2324.958116,2387.621825,2443.851599,2498.335894,2553.838041,2596.897477,2618.31892,2495.495125,2747.900523,2970.202338,3211.099745,3444.4498,3665.550486,3921.713336,4207.086934,
Cameroon,CMR,"GDP per capita, PPP (current international $)",NY.GDP.PCAP.PP.CD,2039.934284,2119.058927,2184.982452,2265.805853,2418.58814,2476.299312,2568.442478,2691.89729,2762.942018,2767.974836,2817.572722,2914.237667,3021.4092,3153.682358,3311.734005,3442.73448,3546.54456,3644.801096,3785.079978,
"Congo, Dem. Rep.",COD,"GDP per capita, PPP (current international $)",NY.GDP.PCAP.PP.CD,455.8150878,443.5747121,450.4504171,469.7704098,498.9798703,528.9747838,555.799958,586.9952654,615.0719745,616.6586194,646.2953953,682.007332,719.914259,768.6449157,829.3626456,867.0883574,868.6133562,888.67728,932.1720068,
"Congo, Rep.",COG,"GDP per capita, PPP (current international $)",NY.GDP.PCAP.PP.CD,3677.147746,3790.96904,3914.89949,3906.125177,4028.312196,4337.194228,4591.995561,4483.926647,4663.011862,4886.383669,5214.502782,5353.804296,5518.967422,5667.595799,6017.671947,6089.839655,5833.995644,5614.398974,5662.063411,
Colombia,COL,"GDP per capita, PPP (current international $)",NY.GDP.PCAP.PP.CD,6694.81285,6848.278541,7022.739601,7324.400853,7811.230086,8320.569299,9036.314249,9792.902952,10188.01706,10274.48986,10732.74905,11650.19949,12226.28584,12891.37931,13618.12436,14006.15358,14259.6093,14507.26125,15012.93027,
Comoros,COM,"GDP per capita, PPP (current international $)",NY.GDP.PCAP.PP.CD,1900.656026,1939.276549,1967.64432,1998.168463,2042.269826,2114.657068,2183.490414,2206.559329,2283.896913,2318.430196,2376.538886,2465.324918,2531.037977,2627.3439,2668.895231,2664.270877,2719.296174,2812.034747,2913.387306,
Cabo Verde,CPV,"GDP per capita, PPP (current international $)",NY.GDP.PCAP.PP.CD,3101.002514,3183.819402,3348.349609,3497.853193,3900.335986,4240.265086,4655.64533,5437.709911,5841.058767,5741.218207,5821.739805,6102.412164,6207.361424,6285.969823,6362.960401,6415.612462,6709.109916,7005.958684,7454.063917,
Costa Rica,CRI,"GDP per capita, PPP (current international $)",NY.GDP.PCAP.PP.CD,7787.377759,8089.579389,8349.671125,8732.228946,9220.889154,9737.088813,10609.50688,11625.93049,12240.57907,12058.52382,12644.69665,13302.92828,14041.99378,14445.89836,15067.31118,15610.87955,16278.6019,16976.18742,17671.09535,
Caribbean small states,CSS,"GDP per capita, PPP (current international $)",NY.GDP.PCAP.PP.CD,9143.378944,9486.903147,9949.76576,10737.21926,11432.07747,12151.1679,13352.91441,14092.37355,14501.98375,14001.53257,14273.0047,14623.85809,14979.85118,15311.64497,15560.61843,15811.35352,15549.41583,15701.59759,16187.11186,
Cuba,CUB,"GDP per capita, PPP (current international $)",NY.GDP.PCAP.PP.CD,,,,,,,,,,,,,,,,,,,,
Curacao,CUW,"GDP per capita, PPP (current international $)",NY.GDP.PCAP.PP.CD,23271.89021,24497.70194,24953.45594,24969.86315,25256.10413,25558.82731,26084.51284,26910.08102,27683.25688,27566.0128,27559.19705,27907.86602,28168.83018,28115.0058,27941.56819,27947.82167,27679.64503,27626.64095,27743.07005,
Cayman Islands,CYM,"GDP per capita, PPP (current international $)",NY.GDP.PCAP.PP.CD,62144.8997,61515.84102,61566.92107,62207.35227,62748.13144,67007.34676,70105.89991,72078.25335,71101.471,64698.99043,62158.60304,62861.18074,63666.6115,64546.38605,66497.01153,68131.32457,70049.98185,72607.57077,,
Cyprus,CYP,"GDP per capita, PPP (current international $)",NY.GDP.PCAP.PP.CD,21291.47351,22871.38367,23556.41393,24252.8976,25921.20444,27763.17739,29984.18506,32849.94104,34824.08299,33888.28523,33230.79894,33192.3369,31914.68342,30620.86215,30390.60807,31578.35443,33682.47908,36155.48075,,
Czech Republic,CZE,"GDP per capita, PPP (current international $)",NY.GDP.PCAP.PP.CD,16190.80503,17554.48772,18189.23435,19426.08513,20799.15764,21956.38386,23776.48706,26124.89545,27844.79533,27599.30086,27667.4329,28797.41796,29047.24644,30485.71415,32263.31575,33691.42424,35230.52246,38019.58051,39743.59709,
Germany,DEU,"GDP per capita, PPP (current international $)",NY.GDP.PCAP.PP.CD,27202.79337,28380.38412,29178.63747,29875.02793,31305.28794,31794.09601,34124.87427,36252.41196,37802.38743,36823.38028,38949.54976,42541.53109,43359.61483,44993.89275,47011.55109,47683.7886,49516.08269,52055.30995,53074.54012,
Djibouti,DJI,"GDP per capita, PPP (current international $)",NY.GDP.PCAP.PP.CD,,,,,,,,,,,,2744.268655,,,,,,,,
Dominica,DMA,"GDP per capita, PPP (current international $)",NY.GDP.PCAP.PP.CD,6549.08947,6687.479497,6584.450757,7106.074263,7489.875334,7751.066096,8342.414879,9100.901836,9934.093254,9889.384103,10068.0688,10249.89541,10328.73041,10397.44175,11054.63145,10857.20177,11236.95243,10649.41929,11129.86119,
Denmark,DNK,"GDP per capita, PPP (current international $)",NY.GDP.PCAP.PP.CD,28662.09474,29449.6194,30640.34562,30786.24895,32908.68079,34150.15946,37295.65935,38968.5154,41278.32683,40339.67713,42999.61614,44403.38484,44803.96824,46726.85414,47901.44736,49058.50107,50877.44729,54282.54774,55671.16527,
Dominican Republic,DOM,"GDP per capita, PPP (current international $)",NY.GDP.PCAP.PP.CD,6595.771906,6803.998794,7117.697385,7051.023517,7324.228267,8152.859622,9049.39913,9853.171718,10236.54484,10283.16147,11132.93764,11580.56878,11979.70226,12634.96457,13623.11821,14555.74119,15519.61682,16370.95618,17748.18532,
Algeria,DZA,"GDP per capita, PPP (current international $)",NY.GDP.PCAP.PP.CD,8162.587573,8480.070459,8981.349267,9682.476035,10234.9309,11022.14747,11380.09442,11897.10382,12218.04739,12294.61249,12655.13741,13046.12851,13482.72112,13823.82823,14326.28301,14711.22085,15036.36415,15207.17915,15481.78762,
East Asia & Pacific (excluding high income),EAP,"GDP per capita, PPP (current international $)",NY.GDP.PCAP.PP.CD,3295.111724,3552.649224,3851.210265,4221.389035,4676.257125,5235.225779,5911.191537,6734.512112,7375.894988,7925.710235,8725.224839,9574.184054,10408.33377,11260.59173,12147.65629,12973.81389,13841.67109,14901.09619,16113.5407,
Early-demographic dividend,EAR,"GDP per capita, PPP (current international $)",NY.GDP.PCAP.PP.CD,4122.622963,4215.13293,4295.182857,4533.208604,4886.245556,5262.10921,5697.877096,6121.326961,6406.476519,6511.781311,6921.770351,7322.291207,7672.802406,8042.764359,8465.231701,8839.133691,9252.956851,9742.682027,10276.77539,
East Asia & Pacific,EAS,"GDP per capita, PPP (current international $)",NY.GDP.PCAP.PP.CD,5716.416718,6013.606015,6385.851457,6801.526024,7382.317367,8033.165621,8820.133431,9753.849369,10380.94916,10782.69079,11705.41993,12595.7799,13472.39648,14411.23021,15283.38565,16136.07647,17011.72437,18108.20143,19329.7759,
Europe & Central Asia (excluding high income),ECA,"GDP per capita, PPP (current international $)",NY.GDP.PCAP.PP.CD,6121.890196,6483.963187,6950.682153,7663.1696,8588.992459,9658.493778,11553.85911,12895.10965,14815.25736,14330.06687,15296.9439,17372.40528,18296.28423,19017.0427,19482.32448,19251.96079,19592.86613,20906.36067,21931.72445,
Europe & Central Asia,ECS,"GDP per capita, PPP (current international $)",NY.GDP.PCAP.PP.CD,15887.0865,16690.30316,17490.97838,18141.63252,19261.67564,20307.4248,22474.1713,24083.21561,25738.78573,25026.93103,26070.69075,27865.1447,28589.4783,29595.83269,30357.72039,30851.99799,31768.48136,33620.43238,34702.55472,
Ecuador,ECU,"GDP per capita, PPP (current international $)",NY.GDP.PCAP.PP.CD,5854.337577,6110.458846,6348.924913,6530.517214,7135.985853,7619.033946,8059.131304,8316.568167,8868.937591,8841.984389,9114.338328,9883.580029,10483.13413,11028.42904,11484.17161,11431.99158,11222.07849,11501.01029,11734.38739,
"Egypt, Arab Rep.",EGY,"GDP per capita, PPP (current international $)",NY.GDP.PCAP.PP.CD,5971.668538,6199.410071,6327.810798,6528.675327,6852.14983,7249.452566,7839.842257,8471.343487,9091.000665,9411.304969,9814.298455,9982.845702,10172.98306,10340.54214,10601.16669,10938.86186,11294.24924,11742.05009,12412.3094,
Euro area,EMU,"GDP per capita, PPP (current international $)",NY.GDP.PCAP.PP.CD,25319.12256,26505.96033,27535.03263,27952.96526,29051.41495,30076.70858,32500.33387,34385.21263,35709.63143,34794.94435,35768.84329,37435.67035,37801.921,38981.95612,39949.45202,41053.33332,42711.53742,45090.46101,46207.32351,
Eritrea,ERI,"GDP per capita, PPP (current international $)",NY.GDP.PCAP.PP.CD,1977.56065,2121.702039,2124.888346,2009.73975,2002.327942,2037.792855,2013.889196,2042.664795,1838.043016,1888.61518,1921.43479,2102.95406,,,,,,,,
Spain,ESP,"GDP per capita, PPP (current international $)",NY.GDP.PCAP.PP.CD,21587.25644,22958.76158,24371.59885,25018.36612,26119.79374,27606.93405,30688.36622,32438.17339,33263.2724,32098.97505,31680.18539,31867.97324,31720.12,32434.0032,33525.74063,34912.47613,36554.93455,38888.73547,39715.43906,
Estonia,EST,"GDP per capita, PPP (current international $)",NY.GDP.PCAP.PP.CD,9435.008551,10326.17942,11670.36527,13122.83916,14521.29779,16624.91204,19313.26424,22170.25226,22830.09032,20597.93347,21796.6101,24780.97878,26190.55295,27642.58537,29135.7044,29397.12984,30913.20512,33675.45771,35973.77646,
Ethiopia,ETH,"GDP per capita, PPP (current international $)",NY.GDP.PCAP.PP.CD,494.2873019,531.5337939,532.6266218,515.8733033,584.8968669,655.7866987,728.390516,811.0642774,891.2764327,950.5543294,1052.606672,1161.581434,1250.351222,1367.714144,1494.112052,1621.706726,1746.16277,1897.249077,2022.137961,
European Union,EUU,"GDP per capita, PPP (current international $)",NY.GDP.PCAP.PP.CD,22592.7381,23723.6992,24770.57458,25347.23447,26574.20487,27516.80984,29777.99865,31556.60188,32994.89702,32204.17229,33281.70289,34802.05686,35359.98231,36575.69517,37604.64486,38767.0302,40276.31443,42598.79902,43737.73809,
Fragile and conflict affected situations,FCS,"GDP per capita, PPP (current international $)",NY.GDP.PCAP.PP.CD,2458.938951,2528.331613,2491.320124,2338.860019,2702.681471,2904.929806,3133.906938,3313.509317,3490.115499,3598.581036,3794.578481,3590.686801,4025.291925,4170.812109,4200.987199,4242.61843,4455.619875,4560.668302,4665.188533,
Finland,FIN,"GDP per capita, PPP (current international $)",NY.GDP.PCAP.PP.CD,26788.40847,27807.31978,28605.12232,29019.3104,31173.32308,32051.794,34419.38065,37801.78453,40083.69727,37980.06516,38953.3576,40916.83858,40873.09533,41493.14165,41757.40219,42535.47517,44015.52992,46735.41074,48416.93603,
Fiji,FJI,"GDP per capita, PPP (current international $)",NY.GDP.PCAP.PP.CD,5312.128363,5517.36059,5774.530237,5934.624538,6403.401963,6618.784842,6892.836695,6947.961986,7078.627366,6965.538944,7202.758363,7520.373655,7758.218769,8262.957312,8882.388365,9372.542337,9670.841001,10329.43879,10879.47846,
France,FRA,"GDP per capita, PPP (current international $)",NY.GDP.PCAP.PP.CD,26094.25256,27501.54241,28523.88573,28141.4614,29034.00071,30498.57929,32434.86026,34088.36008,35095.26296,34685.1738,35900.04557,37440.63863,37679.12178,39523.85395,40141.58548,40833.24207,42047.28724,44255.94164,45342.39574,
Faroe Islands,FRO,"GDP per capita, PPP (current international $)",NY.GDP.PCAP.PP.CD,,,,,,,,,,,,,,,,,,,,
"Micronesia, Fed. Sts.",FSM,"GDP per capita, PPP (current international $)",NY.GDP.PCAP.PP.CD,2489.404148,2604.705446,2663.933614,2759.388483,2753.504963,2910.789014,3018.000788,3069.169281,3080.07978,3154.792793,3265.692825,3422.28921,3388.224899,3276.300421,3215.174418,3354.508395,3380.737346,3497.917541,3553.061455,
Gabon,GAB,"GDP per capita, PPP (current international $)",NY.GDP.PCAP.PP.CD,14182.23034,14453.96722,14301.43243,14537.38852,14655.94539,15106.77815,14708.23376,15549.51322,14863.56838,14514.77299,15190.41441,16011.1245,16536.56596,17116.34365,17548.27129,17819.55959,17839.8973,17762.40864,17875.76115,
United Kingdom,GBR,"GDP per capita, PPP (current international $)",NY.GDP.PCAP.PP.CD,26407.20992,27756.81263,29068.59386,30261.57769,31964.59597,32668.22632,34767.00114,35600.00779,36660.19256,35003.49742,36340.73387,37161.49069,38311.84608,39971.02536,41259.00094,42509.88817,43543.58783,45378.99774,45973.5735,
Georgia,GEO,"GDP per capita, PPP (current international $)",NY.GDP.PCAP.PP.CD,2932.733288,3190.188485,3448.844072,3927.811153,4293.788083,4883.042305,5536.086757,6433.362023,6737.558439,6599.447428,7145.520193,7897.696255,8627.623156,9122.490656,9699.506341,10081.43513,10480.96562,11191.33618,12004.57383,
Ghana,GHA,"GDP per capita, PPP (current international $)",NY.GDP.PCAP.PP.CD,1765.935336,1831.441011,1897.129518,1983.476478,2098.15671,2234.201454,2387.358547,2492.897985,2703.302627,2784.138279,2964.43112,3368.800837,3664.600153,3909.669523,4006.186475,4044.413369,4135.645,4457.355846,4746.684995,
Gibraltar,GIB,"GDP per capita, PPP (current international $)",NY.GDP.PCAP.PP.CD,,,,,,,,,,,,,,,,,,,,
Guinea,GIN,"GDP per capita, PPP (current international $)",NY.GDP.PCAP.PP.CD,1208.548507,1253.416761,1312.646354,1327.887063,1368.553326,1424.147685,1453.004181,1558.614436,1617.117614,1574.663204,1632.386304,1721.451359,1817.852602,1880.238514,1940.634943,1986.353057,2167.282392,2369.51917,2504.869745,
"Gambia, The",GMB,"GDP per capita, PPP (current international $)",NY.GDP.PCAP.PP.CD,1952.907589,2045.715869,1947.272525,2052.939391,2186.559451,2134.310336,2121.13587,2178.153538,2290.386246,2389.549038,2484.669168,2261.049017,2352.808421,2389.253928,2328.650876,2376.478914,2377.042244,2464.773716,2612.000995,
Guinea-Bissau,GNB,"GDP per capita, PPP (current international $)",NY.GDP.PCAP.PP.CD,1122.741789,1147.826788,1129.327752,1130.831277,1165.917433,1224.222269,1259.812383,1303.724633,1338.110142,1358.998261,1401.692456,1506.695312,1469.805044,1503.745886,1506.589514,1574.461164,1648.438332,1734.714909,1799.067891,
Equatorial Guinea,GNQ,"GDP per capita, PPP (current international $)",NY.GDP.PCAP.PP.CD,8703.661456,13945.636,16236.60098,18069.89933,24525.86524,28241.92807,29941.85897,33840.551,38790.90398,37820.95481,33294.6535,34622.11627,36576.09043,34180.71153,33542.76508,29592.37967,26232.13378,24532.952,22743.82443,
Greece,GRC,"GDP per capita, PPP (current international $)",NY.GDP.PCAP.PP.CD,19518.90751,20963.56036,22615.93565,23870.1601,25437.26843,25577.52408,28519.53894,29291.92369,30856.01183,30365.39993,28148.42242,26141.31959,25284.46408,26097.8719,26838.45523,26902.52532,27273.93458,28579.79453,29592.15242,
Grenada,GRD,"GDP per capita, PPP (current international $)",NY.GDP.PCAP.PP.CD,7589.576807,7568.456451,7922.895537,8802.265578,8951.282111,10423.86032,10283.79525,11179.3058,11475.72783,10764.51396,10788.98952,11040.10948,11054.58487,11436.02581,12424.06768,13280.98243,13844.14347,14654.86644,15557.54504,
Greenland,GRL,"GDP per capita, PPP (current international $)",NY.GDP.PCAP.PP.CD,,,,,,,,,,,,,,,,,,,,
Guatemala,GTM,"GDP per capita, PPP (current international $)",NY.GDP.PCAP.PP.CD,4830.764001,4935.712795,5086.550786,5188.204053,5368.507328,5585.650725,5928.026112,6327.75499,6516.890988,6458.253034,6576.668609,6844.540528,7031.531311,7264.853827,7552.717983,7788.497934,7955.320011,8166.857467,8462.374008,
Guam,GUM,"GDP per capita, PPP (current international $)",NY.GDP.PCAP.PP.CD,,,,,,,,,,,,,,,,,,,,
Guyana,GUY,"GDP per capita, PPP (current international $)",NY.GDP.PCAP.PP.CD,3673.79935,3847.739042,3955.084199,4001.162701,4169.794786,4213.389641,4562.465789,5013.018452,5209.1518,5428.762167,5706.200768,6106.967371,6523.258263,6935.122921,7302.406982,7565.799719,7865.450609,8142.576098,8640.73737,
High income,HIC,"GDP per capita, PPP (current international $)",NY.GDP.PCAP.PP.CD,27755.05417,28659.19016,29590.4725,30570.90481,32263.17586,33833.25668,36012.83267,37767.1074,38702.17771,37695.14887,39091.19585,40697.95572,41846.03827,43314.0743,44581.0875,45831.411,47015.70317,48929.99014,50630.96212,
"Hong Kong SAR, China",HKG,"GDP per capita, PPP (current international $)",NY.GDP.PCAP.PP.CD,27068.81009,27613.41243,28388.88501,29858.75065,33071.36409,36461.38319,39949.13935,43300.43427,44813.10793,43949.60279,47123.34339,50085.95933,51344.50705,53649.88933,55781.77367,57235.19123,58755.32006,61713.41554,64596.56385,
Honduras,HND,"GDP per capita, PPP (current international $)",NY.GDP.PCAP.PP.CD,2628.424519,2686.72693,2759.212445,2865.039618,3049.733773,3256.300176,3493.06359,3723.884307,3871.469391,3726.826149,3832.54541,3984.497267,4150.265868,4263.120157,4398.096634,4536.135356,4683.126696,4916.723792,5138.752457,
Heavily indebted poor countries (HIPC),HPC,"GDP per capita, PPP (current international $)",NY.GDP.PCAP.PP.CD,1172.937516,1217.64827,1242.207203,1285.836232,1355.634326,1442.386151,1535.642914,1636.766821,1722.845616,1763.040575,1839.381684,1911.89919,2004.264402,2099.711177,2196.52486,2265.704458,2335.353033,2437.007118,2530.644477,
Croatia,HRV,"GDP per capita, PPP (current international $)",NY.GDP.PCAP.PP.CD,10601.6383,11613.48393,12647.63913,13550.17297,14534.45224,15303.86262,17431.30471,19354.98219,20776.44815,19998.68469,19761.48491,20743.50638,21136.4033,21769.27996,22062.0257,23013.62205,24511.89485,26351.90704,27579.78083,
Haiti,HTI,"GDP per capita, PPP (current international $)",NY.GDP.PCAP.PP.CD,1363.804198,1355.931003,1351.106112,1358.553498,1324.113894,1367.599877,1417.629644,1480.52853,1498.199674,1532.1101,1478.736255,1569.198158,1621.371471,1695.141608,1750.202933,1766.044239,1787.159403,1818.606695,1866.617589,
Hungary,HUN,"GDP per capita, PPP (current international $)",NY.GDP.PCAP.PP.CD,11854.81987,13213.44527,14526.38826,15464.17155,16228.92055,17073.55143,18342.71523,19045.80841,20696.72857,20678.06831,21569.89008,22894.34764,23148.12788,24498.17916,25604.98821,26668.04088,27171.15945,29159.12645,31102.50275,
IBRD only,IBD,"GDP per capita, PPP (current international $)",NY.GDP.PCAP.PP.CD,4450.626543,4664.902078,4897.089212,5230.451276,5734.105724,6281.666006,7014.622544,7759.745755,8378.320421,8633.229486,9317.682587,10083.15585,10706.13267,11318.72336,11931.44242,12396.79238,12989.79088,13801.5179,14687.21561,
IDA & IBRD total,IBT,"GDP per capita, PPP (current international $)",NY.GDP.PCAP.PP.CD,3857.150715,4034.266715,4226.79309,4498.643848,4913.711717,5364.596633,5957.991755,6558.632887,7049.846788,7253.033224,7792.375405,8389.37862,8878.292225,9365.684624,9851.757594,10208.57218,10653.63629,11276.01406,11956.67966,
IDA total,IDA,"GDP per capita, PPP (current international $)",NY.GDP.PCAP.PP.CD,1703.108039,1774.544496,1856.260974,1942.269319,2083.12003,2239.974407,2400.230408,2564.048859,2686.773803,2780.675305,2911.526915,3033.713738,3168.779613,3340.854326,3517.016288,3627.906511,3715.755037,3871.705107,4059.557395,
IDA blend,IDB,"GDP per capita, PPP (current international $)",NY.GDP.PCAP.PP.CD,2485.548644,2571.711271,2728.019412,2851.152083,3082.454426,3313.574855,3539.879646,3755.78716,3890.789245,4027.612092,4193.168822,4376.973084,4552.136563,4782.654423,5029.338542,5172.738392,5232.508828,5384.441433,5614.24668,
Indonesia,IDN,"GDP per capita, PPP (current international $)",NY.GDP.PCAP.PP.CD,4620.547598,4827.438785,5055.355834,5323.104507,5664.893913,6091.922453,6534.07551,7041.486994,7510.100118,7813.090106,8284.501294,8859.139998,9444.948401,10009.66548,10570.19504,11063.06221,11604.52525,12279.18328,13079.6193,
IDA only,IDX,"GDP per capita, PPP (current international $)",NY.GDP.PCAP.PP.CD,1292.186619,1357.388707,1398.870747,1466.426052,1559.78274,1678.364703,1804.757987,1942.268998,2059.936195,2130.762579,2242.841627,2331.347781,2444.9445,2585.757341,2723.947516,2817.383172,2921.947122,3082.516503,3249.854407,
Isle of Man,IMN,"GDP per capita, PPP (current international $)",NY.GDP.PCAP.PP.CD,,,,,,,,,,,,,,,,,,,,
India,IND,"GDP per capita, PPP (current international $)",NY.GDP.PCAP.PP.CD,2156.689919,2270.718563,2354.2651,2544.112251,2774.420858,3039.128698,3331.592127,3628.001338,3757.289184,4026.380833,4360.15405,4624.561404,4909.584076,5252.272397,5682.731285,6133.887015,6634.844574,7168.992484,7762.88177,
Not classified,INX,"GDP per capita, PPP (current international $)",NY.GDP.PCAP.PP.CD,,,,,,,,,,,,,,,,,,,,
Ireland,IRL,"GDP per capita, PPP (current international $)",NY.GDP.PCAP.PP.CD,30177.82788,32546.09148,35212.09472,36237.77128,38669.20414,40437.77458,44204.9969,46759.71484,44283.73011,41621.71832,43295.01791,44855.3247,46256.56888,47897.29166,51067.97671,69056.04604,70522.22592,77596.35505,83203.39468,
"Iran, Islamic Rep.",IRN,"GDP per capita, PPP (current international $)",NY.GDP.PCAP.PP.CD,10533.52478,10713.58315,11528.77068,12611.46551,13355.14302,14045.20849,15023.08444,16501.97427,16681.79497,16791.05888,17767.50221,18400.90629,17149.73922,17202.3003,18101.7763,17817.63647,20150.32226,21011.28831,,
Iraq,IRQ,"GDP per capita, PPP (current international $)",NY.GDP.PCAP.PP.CD,9717.658254,9861.520265,9055.551154,5999.130991,9255.53032,9738.639139,10840.81758,11098.13138,12040.24597,12287.72965,12884.90384,13693.97637,15320.88647,16133.56524,15950.19629,15981.31509,18085.87647,17519.05422,17435.85393,
Iceland,ISL,"GDP per capita, PPP (current international $)",NY.GDP.PCAP.PP.CD,29710.55155,31775.15843,32524.02325,32619.35874,35608.06946,37233.19629,39093.95196,41160.23651,43318.35275,41905.36603,39576.97124,40767.23641,41926.34194,44157.55246,45714.89381,48728.09936,52582.29385,55322.09013,57303.06078,
Israel,ISR,"GDP per capita, PPP (current international $)",NY.GDP.PCAP.PP.CD,24931.03887,24918.00428,25224.87874,23821.5451,25224.36448,24831.44992,25678.71429,27487.84462,27433.06349,27501.29414,28861.93991,30539.96337,31693.91787,34145.7126,34212.94449,35436.81087,37463.19908,38866.1107,39919.16965,
Italy,ITA,"GDP per capita, PPP (current international $)",NY.GDP.PCAP.PP.CD,27076.1868,28045.44843,28736.57711,29164.59527,29527.79094,30130.64446,32419.93615,34108.20429,35523.27131,34610.03145,35155.66806,36598.01497,36486.29679,36314.6971,36194.87392,36909.32837,39178.4,41200.02872,41830.42633,
Jamaica,JAM,"GDP per capita, PPP (current international $)",NY.GDP.PCAP.PP.CD,6318.642619,6495.147003,6684.32279,7014.854567,7257.340316,7508.988192,7918.879434,8206.866186,8257.870394,7920.231105,7853.974864,8112.12923,8170.129002,8306.755236,8473.743427,8595.88659,8763.300248,8974.33982,9326.664059,
Jordan,JOR,"GDP per capita, PPP (current international $)",NY.GDP.PCAP.PP.CD,5815.873532,6142.842663,6476.612526,6724.043386,7300.219009,7879.095022,8443.677235,8983.913039,9369.884496,9471.843568,9306.488797,9235.879132,9151.732473,9093.010015,9123.978709,9089.006864,9092.954278,9241.513754,9478.904588,
Japan,JPN,"GDP per capita, PPP (current international $)",NY.GDP.PCAP.PP.CD,26838.69136,27472.54712,28160.10761,28924.68216,30348.04197,31663.4531,33090.19626,34501.50901,34798.7659,33198.61611,34986.99454,35774.69671,37191.38595,38974.07949,39179.15561,40396.24321,41118.07804,41958.96216,42797.45852,
Kazakhstan,KAZ,"GDP per capita, PPP (current international $)",NY.GDP.PCAP.PP.CD,7918.947004,9200.784457,10261.83496,11386.11323,12726.39944,14268.33754,16101.83296,17801.14353,18519.2511,18392.88499,19685.35171,21276.93402,22407.98331,23823.88613,24924.37021,25123.31799,25314.86554,26490.84377,27879.75195,
Kenya,KEN,"GDP per capita, PPP (current international $)",NY.GDP.PCAP.PP.CD,1669.318817,1722.772066,1712.506831,1747.464545,1835.481863,1950.28767,2081.164298,2221.122812,2207.642032,2235.680111,2385.992645,2515.927471,2610.737996,2740.02864,2867.10191,2988.073282,3121.830489,3258.154499,3467.556478,
Kyrgyz Republic,KGZ,"GDP per capita, PPP (current international $)",NY.GDP.PCAP.PP.CD,1650.785503,1759.989812,1771.185889,1910.77178,2074.835594,2111.757152,2219.185786,2449.999653,2681.893434,2746.972069,2733.079268,2920.60321,2921.603783,3232.128754,3356.983448,3453.360746,3567.812684,3733.606138,3884.708809,
Cambodia,KHM,"GDP per capita, PPP (current international $)",NY.GDP.PCAP.PP.CD,1101.815794,1185.433252,1259.813705,1368.700893,1525.928724,1754.171137,1971.563042,2198.292175,2355.903624,2340.558567,2470.704155,2658.062552,2860.146734,3073.318143,3300.61675,3513.82356,3742.958793,4019.679985,4360.854404,
Kiribati,KIR,"GDP per capita, PPP (current international $)",NY.GDP.PCAP.PP.CD,1583.087611,1567.041215,1624.565342,1658.863228,1644.954584,1744.974858,1758.459498,1800.754894,1756.730343,1745.986907,1716.059227,1749.233461,1837.991938,1921.614459,1917.627413,2110.117273,2210.850719,2227.920995,2293.920333,
St. Kitts and Nevis,KNA,"GDP per capita, PPP (current international $)",NY.GDP.PCAP.PP.CD,17734.62004,18898.42789,19424.95332,18861.59023,19903.88922,22257.62821,23359.95826,23754.90841,25570.31248,24685.25821,24033.32038,24766.19605,24461.13248,25999.0328,27910.15016,28261.41206,29137.82185,28869.68919,30207.79021,
"Korea, Rep.",KOR,"GDP per capita, PPP (current international $)",NY.GDP.PCAP.PP.CD,18082.9548,19168.21512,20775.10514,21376.76617,22936.81163,24196.42385,25820.97163,27822.27653,28655.98352,28325.2093,30365.27837,31228.5107,32097.164,32615.77259,33587.5834,35760.73444,37142.8329,38824.11539,40111.77576,
Kuwait,KWT,"GDP per capita, PPP (current international $)",NY.GDP.PCAP.PP.CD,56067.05908,55831.35461,57502.26456,67935.05515,75549.67174,83521.9999,88482.98358,91290.71514,89916.47335,79265.59307,73817.97698,78021.67168,80209.81453,78399.24717,76703.31167,75042.14197,75689.27575,71695.56421,72897.56235,
Latin America & Caribbean (excluding high income),LAC,"GDP per capita, PPP (current international $)",NY.GDP.PCAP.PP.CD,8601.426246,8709.585418,8739.754789,8952.762398,9627.781372,10241.96967,11057.761,11848.63371,12493.6423,12292.11698,13046.65768,13886.95022,14365.85395,14840.89465,15156.88574,15097.05366,14947.69471,15259.19607,15663.07459,
Lao PDR,LAO,"GDP per capita, PPP (current international $)",NY.GDP.PCAP.PP.CD,1979.537838,2105.342745,2230.725003,2373.963598,2553.684695,2776.517672,3056.927319,3321.339336,3589.502001,3823.692269,4130.547187,4485.181127,4863.791732,5267.284644,5689.82855,6075.952799,6473.243696,6942.238417,7439.59936,
Lebanon,LBN,"GDP per capita, PPP (current international $)",NY.GDP.PCAP.PP.CD,8448.529729,8632.385929,8654.47792,8672.163654,9091.163179,9366.765445,9688.656235,10860.92089,12102.83681,13286.61257,14111.19139,13841.53501,13610.88835,13309.01995,13049.03296,12695.41014,12693.56418,12813.86955,13081.10746,
Liberia,LBR,"GDP per capita, PPP (current international $)",NY.GDP.PCAP.PP.CD,1048.694769,1063.610813,1094.849374,765.7607838,791.8993006,837.6613236,901.3154509,974.9193196,1021.823984,1041.945486,1078.946046,1154.40937,1234.280819,1329.049283,1328.913111,1309.269565,1269.886223,1293.415934,1308.629536,
Libya,LBY,"GDP per capita, PPP (current international $)",NY.GDP.PCAP.PP.CD,17437.0857,17230.91106,17060.31866,19326.376,20406.82756,23181.26796,25053.9574,26958.63336,27825.07083,27474.49038,28890.36545,11096.15636,25080.96838,21929.50351,16870.48513,15403.57322,14964.52288,19056.8043,20764.16414,
St. Lucia,LCA,"GDP per capita, PPP (current international $)",NY.GDP.PCAP.PP.CD,8486.854699,8300.631416,8402.606913,8860.384636,9682.614003,9845.841882,10644.30463,11005.98965,11614.16662,11384.55596,11428.51171,12049.20936,12168.57838,12078.36362,12416.87345,12520.76322,12990.80775,13505.45477,13881.37213,
Latin America & Caribbean,LCN,"GDP per capita, PPP (current international $)",NY.GDP.PCAP.PP.CD,8808.172833,8938.313443,8981.18127,9210.35916,9915.327514,10544.1804,11430.60135,12239.52873,12855.82097,12648.63474,13438.05948,14320.89745,14831.73181,15329.58656,15654.73684,15606.15461,15476.01244,15825.87559,16251.01925,
Least developed countries: UN classification,LDC,"GDP per capita, PPP (current international $)",NY.GDP.PCAP.PP.CD,1179.141647,1240.185824,1289.127068,1352.067277,1447.217195,1573.831625,1705.14094,1850.150177,1972.005726,2038.564714,2145.354881,2221.762326,2325.893618,2448.865945,2572.910826,2650.399936,2728.232875,2857.675589,2995.447758,
Low income,LIC,"GDP per capita, PPP (current international $)",NY.GDP.PCAP.PP.CD,1070.447646,1118.759347,1142.256498,1183.806776,1255.012941,1340.907912,1419.147664,1508.637175,1586.554667,1638.534094,1729.033452,1774.898389,1833.558538,1932.019348,2029.215229,2057.381785,2095.551678,2184.874577,2287.806888,
Liechtenstein,LIE,"GDP per capita, PPP (current international $)",NY.GDP.PCAP.PP.CD,,,,,,,,,,,,,,,,,,,,
Sri Lanka,LKA,"GDP per capita, PPP (current international $)",NY.GDP.PCAP.PP.CD,4410.987735,4406.600002,4616.969352,4940.196264,5304.427424,5764.132459,6344.939228,6906.996548,7407.324792,7674.350942,8328.90662,9155.658792,10171.42447,10618.20208,11250.30924,11830.69575,12359.34586,12878.58867,13473.66309,
Lower middle income,LMC,"GDP per capita, PPP (current international $)",NY.GDP.PCAP.PP.CD,2601.490447,2728.870612,2846.382968,3027.382365,3272.300132,3541.646138,3843.313592,4157.549764,4358.967655,4546.747562,4838.153864,5104.081459,5386.547403,5704.051442,6056.980528,6385.857221,6741.405472,7166.048595,7655.137875,
Low & middle income,LMY,"GDP per capita, PPP (current international $)",NY.GDP.PCAP.PP.CD,3760.590188,3934.979746,4123.25388,4392.288437,4799.677893,5247.203635,5825.820718,6415.033306,6900.392715,7102.484442,7629.587182,8213.142226,8696.664871,9179.875805,9664.154347,10017.13723,10460.81278,11070.95495,11746.35993,
Lesotho,LSO,"GDP per capita, PPP (current international $)",NY.GDP.PCAP.PP.CD,1303.543534,1377.59123,1413.615276,1514.086085,1590.942832,1705.716887,1837.356205,1980.900154,2155.306978,2215.177375,2378.563578,2578.639634,2767.67561,2857.768834,2972.012946,3062.068836,3170.578608,3132.495534,3219.457157,
Late-demographic dividend,LTE,"GDP per capita, PPP (current international $)",NY.GDP.PCAP.PP.CD,4751.742992,5072.11194,5444.459805,5915.311143,6530.993022,7236.483641,8237.190369,9269.01778,10209.04084,10608.22185,11537.75018,12702.98415,13621.59315,14497.9114,15330.12418,15955.48804,16689.0103,17812.90106,19073.35995,
Lithuania,LTU,"GDP per capita, PPP (current international $)",NY.GDP.PCAP.PP.CD,8457.608774,9451.636523,10494.35179,12067.65917,13031.50054,14526.0824,16484.59202,19095.43677,20744.12753,18145.85292,20039.01002,22823.91839,24645.56909,26680.03416,28156.13581,28823.81289,30334.19087,33314.74037,35461.3591,
Luxembourg,LUX,"GDP per capita, PPP (current international $)",NY.GDP.PCAP.PP.CD,55348.89874,55894.80455,58771.50927,60039.29874,64051.55593,68220.06448,77951.36474,83981.73587,86693.89512,82278.19739,85613.58661,92005.01684,91622.17742,95590.5387,101297.5757,103750.7751,108165.7614,110589.1924,113337.4205,
Latvia,LVA,"GDP per capita, PPP (current international $)",NY.GDP.PCAP.PP.CD,8015.685601,9018.397415,10052.62273,11010.88527,12199.16411,13836.84355,15745.10313,18127.15673,19466.14509,16924.03115,17587.34596,19789.4764,21291.1197,22692.85344,23844.22612,24830.93429,25875.98735,28115.34769,30304.8525,
"Macao SAR, China",MAC,"GDP per capita, PPP (current international $)",NY.GDP.PCAP.PP.CD,33616.33289,34526.36757,37283.94641,41356.41236,52527.87894,57164.45169,65257.00934,75063.00432,77472.77793,77417.84569,95951.96228,116456.9567,126618.3727,139962.1749,137832.9615,107069.5956,105577.6662,116370.7403,123892.1664,
St. Martin (French part),MAF,"GDP per capita, PPP (current international $)",NY.GDP.PCAP.PP.CD,,,,,,,,,,,,,,,,,,,,
Morocco,MAR,"GDP per capita, PPP (current international $)",NY.GDP.PCAP.PP.CD,3574.843324,3873.407176,4009.185551,4276.012573,4547.823685,4787.233945,5243.914739,5509.929878,5879.26095,6099.692766,6324.152955,6703.876831,6940.434737,7278.362142,7507.240831,7822.968048,7890.997167,8261.060852,8586.6387,
Monaco,MCO,"GDP per capita, PPP (current international $)",NY.GDP.PCAP.PP.CD,,,,,,,,,,,,,,,,,,,,
Moldova,MDA,"GDP per capita, PPP (current international $)",NY.GDP.PCAP.PP.CD,2235.878102,2429.72802,2666.845803,2903.817694,3210.597016,3567.570266,3862.678175,4094.912562,4508.754038,4275.933379,4637.516516,5012.742008,5079.416347,5637.502408,6035.022647,6082.841894,6424.371154,6858.891958,7271.641919,
Madagascar,MDG,"GDP per capita, PPP (current international $)",NY.GDP.PCAP.PP.CD,1340.131271,1407.821118,1211.285973,1314.210686,1378.740509,1443.840549,1517.271503,1608.135453,1700.21266,1599.214903,1583.036118,1596.89409,1631.312329,1652.671039,1693.795099,1718.597532,1758.845163,1813.515493,1891.320668,
Maldives,MDV,"GDP per capita, PPP (current international $)",NY.GDP.PCAP.PP.CD,7800.490466,7472.464508,7924.279814,8923.529345,9448.786658,8242.991429,10452.27422,11296.00956,12303.97044,11177.85596,11720.52813,12486.44691,12496.42826,13039.04792,13622.88572,13546.05023,13931.36278,14523.99637,15307.72194,
Middle East & North Africa,MEA,"GDP per capita, PPP (current international $)",NY.GDP.PCAP.PP.CD,10920.79108,11104.60671,11277.43873,11815.5355,12855.57862,13607.47621,14507.89546,15346.4509,15983.81721,15907.77444,16559.28134,17079.95723,17691.54663,18110.99083,18585.6686,18877.15572,19756.56365,20096.90388,20712.43251,
Mexico,MEX,"GDP per capita, PPP (current international $)",NY.GDP.PCAP.PP.CD,11089.81343,11129.86896,11187.47762,11482.44959,12085.7618,12657.63719,13808.17762,14290.06724,14924.82175,14558.24481,15260.62055,16520.25851,17162.92752,17373.89702,18045.98446,18284.88284,18783.16158,19423.92769,19844.64567,
Marshall Islands,MHL,"GDP per capita, PPP (current international $)",NY.GDP.PCAP.PP.CD,2476.246796,2668.129428,2760.841073,2710.465424,2757.248092,2866.939653,2946.295217,3093.465138,2934.230051,2995.234351,3252.367857,3285.582535,3258.500774,3425.601546,3443.028342,3519.218145,3585.710747,3780.93897,3989.037658,
Middle income,MIC,"GDP per capita, PPP (current international $)",NY.GDP.PCAP.PP.CD,4023.210724,4214.145904,4422.672345,4718.999305,5165.637442,5656.443662,6293.453734,6943.15614,7481.021796,7709.214069,8294.051321,8946.472562,9487.995529,10026.71006,10568.27138,10971.87205,11477.52101,12166.5113,12930.32411,
North Macedonia,MKD,"GDP per capita, PPP (current international $)",NY.GDP.PCAP.PP.CD,6127.035274,6028.860911,6305.372185,6502.651099,7080.110143,7759.701569,8584.853586,9242.973203,10418.05514,10914.42066,11273.857,11611.25115,11839.61687,12653.59655,13368.14674,13831.22799,14813.35745,15298.95193,16358.66205,
Mali,MLI,"GDP per capita, PPP (current international $)",NY.GDP.PCAP.PP.CD,1166.376271,1335.566578,1357.257746,1462.478263,1477.634673,1571.587683,1639.719328,1685.393542,1741.249136,1777.690079,1836.816217,1877.892828,1842.686602,1863.367757,1974.217655,2053.128574,2131.589703,2221.757886,2316.6552,
Malta,MLT,"GDP per capita, PPP (current international $)",NY.GDP.PCAP.PP.CD,19425.71188,19621.34454,20561.69408,20937.60382,21401.14407,22232.48289,23223.97713,24893.20115,26193.18285,26139.50818,27809.1065,28585.82045,29437.16903,31080.26838,33391.11068,36195.56319,38347.86857,41510.28901,42581.09786,
Myanmar,MMR,"GDP per capita, PPP (current international $)",NY.GDP.PCAP.PP.CD,1025.710408,1154.626473,1300.795797,1494.384325,1727.868284,2007.514098,2322.057579,2653.118882,2963.697788,3280.274594,3613.019143,3864.959768,4193.132339,4587.086831,5005.999653,5372.241161,5709.871361,6172.392649,6674.028647,
Middle East & North Africa (excluding high income),MNA,"GDP per capita, PPP (current international $)",NY.GDP.PCAP.PP.CD,7365.486975,7565.06032,7802.85078,8014.772558,8727.469711,9243.973234,9880.058769,10579.32419,10985.48173,11158.08891,11672.24487,11637.70618,11941.64965,12144.2443,12427.76456,12478.38396,13343.38173,13752.40842,,
Montenegro,MNE,"GDP per capita, PPP (current international $)",NY.GDP.PCAP.PP.CD,6002.627014,6773.144226,7100.282774,7332.728503,7835.159297,8313.65688,10447.90074,12447.2825,13816.61796,13024.77202,13634.99696,14472.45826,13863.88105,14870.22694,15371.1069,16337.25379,17866.47225,19355.01984,20689.98675,
Mongolia,MNG,"GDP per capita, PPP (current international $)",NY.GDP.PCAP.PP.CD,3704.257383,3861.572885,4068.489678,4388.534427,4930.358646,5387.888859,5949.514034,6644.628515,7270.048778,7119.208251,7530.75353,8853.125419,9939.570296,11068.45656,11925.8134,12100.12735,12140.84709,12791.57934,13799.90485,
Northern Mariana Islands,MNP,"GDP per capita, PPP (current international $)",NY.GDP.PCAP.PP.CD,,,,,,,,,,,,,,,,,,,,
Mozambique,MOZ,"GDP per capita, PPP (current international $)",NY.GDP.PCAP.PP.CD,504.0740388,561.2486948,605.0869388,639.6857231,688.3647277,735.376635,808.0249408,869.4162049,925.1805404,964.3353336,1010.752656,1078.208603,1146.642098,1213.929695,1291.74681,1354.391906,1381.315497,1418.485398,1459.698413,
Mauritania,MRT,"GDP per capita, PPP (current international $)",NY.GDP.PCAP.PP.CD,2255.10044,2288.067066,2275.961576,2388.844886,2521.691232,2753.877366,3277.513188,3362.484972,3366.393023,3260.58864,3356.361346,3483.522101,3646.727568,3822.312546,3993.317015,3937.947108,3940.244577,4023.499238,4150.965246,
Mauritius,MUS,"GDP per capita, PPP (current international $)",NY.GDP.PCAP.PP.CD,8977.839746,9407.27454,9643.218155,10329.29675,10997.50266,11473.50702,12338.18105,13334.33017,14274.27438,14820.49866,15612.29342,16561.77098,17421.14502,18282.22808,19290.69193,20162.99668,21151.24777,22355.19052,23750.98804,
Malawi,MWI,"GDP per capita, PPP (current international $)",NY.GDP.PCAP.PP.CD,703.1408641,665.8978472,671.3882915,705.6155993,745.1582906,773.116299,811.5953094,888.2018943,947.2435231,1004.660758,1055.49399,1097.942135,1107.97055,1152.848569,1207.29441,1220.229587,1230.416571,1269.644595,1310.995555,
Malaysia,MYS,"GDP per capita, PPP (current international $)",NY.GDP.PCAP.PP.CD,12973.90027,13037.70037,13670.03764,14437.40671,15522.70405,16531.59892,17632.1306,18872.82195,19787.69915,19283.45231,20605.20111,21806.82279,23105.07529,24279.37169,25875.50267,27116.57626,28246.75055,30025.17655,31782.15336,
North America,NAC,"GDP per capita, PPP (current international $)",NY.GDP.PCAP.PP.CD,35642.46317,36445.05371,37319.5583,38782.74712,40935.60564,43338.50324,45483.55425,47137.56381,47585.67853,46281.4953,47630.90574,49058.92453,50666.43223,52215.94354,54092.87647,55578.09015,56608.44707,58594.47232,61303.19065,
Namibia,NAM,"GDP per capita, PPP (current international $)",NY.GDP.PCAP.PP.CD,5203.03658,5293.947383,5550.438276,5806.673404,6594.173668,6861.588443,7442.555097,7911.929266,8130.123186,8067.700206,8500.097148,8959.515893,9427.082267,9955.453108,10598.66867,11160.37964,11200.42787,11104.41938,11101.82628,
New Caledonia,NCL,"GDP per capita, PPP (current international $)",NY.GDP.PCAP.PP.CD,,,,,,,,,,,,,,,,,,,,
Niger,NER,"GDP per capita, PPP (current international $)",NY.GDP.PCAP.PP.CD,600.6752781,633.9734318,639.4484554,661.008422,654.7420992,679.7015488,713.6738644,728.0355856,783.1968713,754.2540731,795.6828256,799.258376,876.2759995,902.6625995,951.1605867,964.8380788,984.6831336,1012.859196,1063.421841,
Nigeria,NGA,"GDP per capita, PPP (current international $)",NY.GDP.PCAP.PP.CD,2442.50098,2578.21048,2945.251781,3139.679071,3433.443947,3672.153889,3909.120916,4167.553703,4417.395066,4682.435935,4981.358232,5213.837194,5392.096403,5698.166678,6009.989453,6072.477295,5882.98734,5887.573078,5990.850432,
Nicaragua,NIC,"GDP per capita, PPP (current international $)",NY.GDP.PCAP.PP.CD,2718.03664,2817.618872,2842.900823,2927.856377,3123.423668,3313.09333,3506.683287,3732.018183,3881.592411,3730.984825,3887.787537,4163.256335,4458.726178,4697.737392,4950.081248,5174.972123,5400.248939,5687.231512,5533.551064,
Netherlands,NLD,"GDP per capita, PPP (current international $)",NY.GDP.PCAP.PP.CD,31875.23602,33194.04609,34447.20532,34111.80335,35777.15324,37625.56171,40971.26076,43896.7387,46420.20168,44566.0619,45040.31808,46599.02103,47272.10302,49241.51784,49233.2154,50302.06775,51338.57326,54503.08193,56328.94114,
Norway,NOR,"GDP per capita, PPP (current international $)",NY.GDP.PCAP.PP.CD,36941.60093,37780.10051,37980.35398,38550.95539,42511.17645,47797.52995,54104.28927,55876.50392,61716.59971,55375.57628,57915.01937,62076.74066,65354.77925,66961.2531,65892.68928,60385.11676,57744.27451,62012.40776,65510.58527,
Nepal,NPL,"GDP per capita, PPP (current international $)",NY.GDP.PCAP.PP.CD,1214.984044,1279.532443,1281.411281,1337.483006,1418.660868,1494.627788,1571.99503,1649.306356,1765.030528,1844.102817,1946.058721,2052.547197,2196.118851,2333.145473,2520.689553,2621.766575,2641.971128,2874.983331,3089.556352,
Nauru,NRU,"GDP per capita, PPP (current international $)",NY.GDP.PCAP.PP.CD,,,,,,,,3816.38273,5203.830851,5670.057531,6470.453571,7339.304367,8056.696421,10451.93901,13273.48365,13104.48037,13982.20157,15039.31757,16504.25793,
New Zealand,NZL,"GDP per capita, PPP (current international $)",NY.GDP.PCAP.PP.CD,21521.70657,22500.47759,23306.27954,23967.42075,25080.47246,25677.41908,27758.16574,29385.89572,29860.52773,30699.66202,31253.0536,32734.53667,32986.18289,36219.42401,37260.6294,37475.17836,39122.54213,40438.57095,41005.42087,
OECD members,OED,"GDP per capita, PPP (current international $)",NY.GDP.PCAP.PP.CD,25237.99078,26024.33346,26848.65064,27622.55717,29085.71901,30459.05589,32469.03153,34031.30645,34900.60237,33982.28715,35247.87046,36707.45905,37698.8917,39016.25287,40169.9652,41321.40507,42379.5574,44202.23048,45623.90308,
Oman,OMN,"GDP per capita, PPP (current international $)",NY.GDP.PCAP.PP.CD,34986.15382,36916.87265,36454.36055,35363.22896,35891.78174,36938.61607,39020.84471,40649.82056,43309.56224,44291.07489,44408.58742,41942.12056,43436.87778,42862.89365,41950.78764,41911.08648,42375.54543,41563.63827,41859.93448,
Other small states,OSS,"GDP per capita, PPP (current international $)",NY.GDP.PCAP.PP.CD,10736.4667,11304.53674,11844.74949,12384.52784,13717.65966,14677.62887,16518.91374,18271.77078,19721.8193,19913.65668,21348.95705,23023.18244,23819.66822,24501.02062,25120.43334,25554.35886,25918.99758,26472.76437,27067.52837,
Pakistan,PAK,"GDP per capita, PPP (current international $)",NY.GDP.PCAP.PP.CD,2706.43252,2750.394675,2815.116141,2936.770126,3164.243422,3433.223613,3670.481818,3862.100588,3914.611952,3966.565219,3988.656725,4094.527112,4228.513001,4398.38123,4593.96424,4762.296721,4975.654395,5241.938741,5567.055608,
Panama,PAN,"GDP per capita, PPP (current international $)",NY.GDP.PCAP.PP.CD,8454.716158,8522.941831,8683.41252,9044.711519,9802.658752,10636.88888,11691.26125,13202.65612,14523.04302,14554.83079,15311.02913,17099.81883,18806.56302,20111.95122,21167.17679,22237.09305,23195.81113,24472.00985,25553.69671,
Peru,PER,"GDP per capita, PPP (current international $)",NY.GDP.PCAP.PP.CD,5115.127919,5193.024653,5500.92409,5778.612059,6171.598136,6705.08808,7365.736619,8140.979682,8984.079457,9078.556657,9869.070416,10626.07713,11400.33573,12169.12008,12561.24545,12944.82234,13403.44727,13771.45995,14418.07067,
Philippines,PHL,"GDP per capita, PPP (current international $)",NY.GDP.PCAP.PP.CD,3361.325849,3459.885946,3566.98384,3736.355692,4013.774343,4255.375298,4531.986252,4877.472739,5093.578334,5106.399206,5468.305507,5689.760941,6081.936667,6514.667171,6930.764463,7313.409805,7784.136699,8340.331331,8951.085654,
Palau,PLW,"GDP per capita, PPP (current international $)",NY.GDP.PCAP.PP.CD,9889.832612,10598.36141,10995.73072,10787.8029,11595.39035,12495.8879,12837.98701,13626.28261,13433.88251,12979.86799,13411.10076,14527.31939,15168.30838,15245.61141,16195.01252,17977.53101,18256.89903,17865.79081,18510.21566,
Papua New Guinea,PNG,"GDP per capita, PPP (current international $)",NY.GDP.PCAP.PP.CD,2081.455362,2079.355108,2066.013058,2106.823758,2176.646249,2335.161838,2477.993252,2678.298445,2656.864455,2791.714611,3039.786236,3069.758098,3206.196245,3318.804769,3763.077879,4081.298247,4209.043662,4353.283357,4336.244657,
Poland,POL,"GDP per capita, PPP (current international $)",NY.GDP.PCAP.PP.CD,10652.90829,11101.97471,11781.05635,12257.14487,13341.1,13895.92354,15142.18487,16787.97025,18310.44321,19246.44868,21048.33052,22850.63885,23833.2097,24719.24751,25612.25783,26856.03522,27735.35085,29922.20498,31336.6035,
Pre-demographic dividend,PRE,"GDP per capita, PPP (current international $)",NY.GDP.PCAP.PP.CD,1923.666761,2002.095126,2078.518154,2027.348615,2299.996065,2455.772329,2637.466672,2799.277847,2962.215748,3048.895993,3187.988522,3310.32687,3471.687754,3638.133809,3767.703114,3819.812211,3894.830069,3919.523689,3985.944915,
Puerto Rico,PRI,"GDP per capita, PPP (current international $)",NY.GDP.PCAP.PP.CD,24672.33756,26748.01329,27384.78362,27890.78341,31141.05605,31518.4847,32150.48833,32821.89961,33036.52581,32816.94611,33229.92303,34195.65107,35286.05921,36207.67954,37053.7532,37715.36186,38383.03576,39006.3906,39540.58693,
"Korea, Dem. People’s Rep.",PRK,"GDP per capita, PPP (current international $)",NY.GDP.PCAP.PP.CD,,,,,,,,,,,,,,,,,,,,
Portugal,PRT,"GDP per capita, PPP (current international $)",NY.GDP.PCAP.PP.CD,18879.28669,19533.0661,20356.6473,20827.98424,21458.27674,22725.27749,24657.10482,25708.24619,26665.8373,26464.31081,27259.7661,26769.51189,26438.0163,27936.03966,28742.44038,29668.8592,31043.56386,32777.40197,33415.4379,
Paraguay,PRY,"GDP per capita, PPP (current international $)",NY.GDP.PCAP.PP.CD,6353.237862,6313.615515,6292.121243,6565.983676,6896.878338,7146.774004,7600.70403,8111.137929,8674.8955,8601.540165,9541.371804,10016.77037,10015.48605,10898.44902,11486.94437,11807.77259,12287.98588,12971.68385,13599.92656,
West Bank and Gaza,PSE,"GDP per capita, PPP (current international $)",NY.GDP.PCAP.PP.CD,2934.99453,2651.48523,2297.572335,2600.928833,2872.854417,3199.431134,3087.761911,3294.411027,3465.978728,3695.023886,3937.239913,4405.778573,4656.126176,4728.009206,4697.286797,4799.105387,4967.187882,5117.754563,5157.568578,
Pacific island small states,PSS,"GDP per capita, PPP (current international $)",NY.GDP.PCAP.PP.CD,3594.299891,3686.158,3790.418328,3889.099311,4118.590262,4277.619819,4451.69905,4551.334305,4653.616485,4558.13375,4687.494899,4906.171306,4997.048539,5190.167324,5441.802743,5659.376835,5823.109935,6100.47862,6330.82474,
Post-demographic dividend,PST,"GDP per capita, PPP (current international $)",NY.GDP.PCAP.PP.CD,26805.94282,27762.27842,28727.50382,29642.92471,31242.71473,32767.7336,34872.53508,36581.41349,37491.87437,36485.58812,37773.21256,39204.53582,40244.68906,41669.57759,42846.08241,43943.7996,45125.47124,47055.58117,48705.20745,
French Polynesia,PYF,"GDP per capita, PPP (current international $)",NY.GDP.PCAP.PP.CD,,,,,,,,,,,,,,,,,,,,
Qatar,QAT,"GDP per capita, PPP (current international $)",NY.GDP.PCAP.PP.CD,86169.39432,88138.42244,92091.2766,91451.60854,101329.4787,97768.57115,107541.4558,109362.5076,111255.9944,108953.6771,117518.7009,124024.5682,122674.7237,122495.788,123308.2023,123822.0833,123573.6308,124609.3041,126898.4259,
Romania,ROU,"GDP per capita, PPP (current international $)",NY.GDP.PCAP.PP.CD,5848.885376,6521.415379,7162.335654,7551.604779,8982.101337,9602.126199,11544.68273,13686.83097,16782.2321,16635.2298,16966.46061,17907.67463,18931.5325,19797.37887,20623.32437,21631.77015,23868.0692,26631.87948,28206.35705,
Russian Federation,RUS,"GDP per capita, PPP (current international $)",NY.GDP.PCAP.PP.CD,6825.406038,7361.3838,8037.499482,9254.560297,10226.78475,11822.3709,14912.2453,16648.24467,20163.61168,19389.94213,20490.12944,24310.04397,25784.56716,26240.2745,25751.51414,24061.09937,24072.27793,25766.92881,27147.33358,
Rwanda,RWA,"GDP per capita, PPP (current international $)",NY.GDP.PCAP.PP.CD,637.9898128,681.7397558,765.6584963,784.935105,853.7919406,945.5541673,1054.465817,1136.486959,1253.996633,1307.068325,1383.013387,1486.655474,1606.102664,1669.971866,1762.105585,1890.203675,1973.146966,2078.052755,2251.556388,
South Asia,SAS,"GDP per capita, PPP (current international $)",NY.GDP.PCAP.PP.CD,2134.106501,2232.814753,2310.082793,2478.720848,2691.437521,2940.490147,3210.32677,3481.129075,3606.765757,3833.44162,4112.321118,4351.006502,4614.423625,4915.528422,5288.857306,5671.434013,6097.572772,6562.46707,7084.490975,
Saudi Arabia,SAU,"GDP per capita, PPP (current international $)",NY.GDP.PCAP.PP.CD,34440.70584,33886.43082,32527.4347,35787.18204,38515.94714,40726.05788,41927.62125,42654.27419,44945.32113,43119.88439,44498.67574,48473.70921,50491.5474,51188.96364,52550.79246,53897.94398,54159.79239,53693.3697,55335.67959,
Sudan,SDN,"GDP per capita, PPP (current international $)",NY.GDP.PCAP.PP.CD,1845.523341,1953.48384,2053.798124,2191.622002,2273.597495,2450.7385,2702.901009,3011.096455,3220.329656,3262.020338,3327.142295,3643.092161,4152.156101,4306.149338,4397.809343,4551.996918,4703.856808,4880.261517,4759.281882,
Senegal,SEN,"GDP per capita, PPP (current international $)",NY.GDP.PCAP.PP.CD,1923.982135,2007.413896,2003.101585,2123.433736,2251.253122,2389.98818,2458.169034,2579.774467,2664.229276,2667.307426,2718.906572,2739.335655,2854.119263,2903.740826,3067.034049,3205.894499,3351.536617,3556.137758,3782.538613,
Singapore,SGP,"GDP per capita, PPP (current international $)",NY.GDP.PCAP.PP.CD,41662.74367,41000.41843,42886.18105,46342.2965,51612.82421,55809.70032,60745.45587,65230.10844,64230.63596,62873.49475,71565.99973,76034.33406,78978.82285,82881.407,86611.51359,89007.4608,91452.04273,96552.60261,101531.6302,
Solomon Islands,SLB,"GDP per capita, PPP (current international $)",NY.GDP.PCAP.PP.CD,1445.486229,1323.152188,1271.979025,1344.055352,1411.468426,1497.183034,1611.374058,1735.89457,1853.137465,1737.972509,1832.831573,2064.595803,2142.507048,2185.868783,2216.265053,2235.826964,2271.613915,2337.642672,2422.819533,
Sierra Leone,SLE,"GDP per capita, PPP (current international $)",NY.GDP.PCAP.PP.CD,723.1020523,667.3971627,820.5143366,872.2546754,913.9100037,947.9151529,985.790854,1064.550355,1116.993886,1135.631121,1183.330094,1255.453038,1440.997449,1730.996317,1803.863023,1416.366137,1486.044851,1544.42929,1601.974029,
El Salvador,SLV,"GDP per capita, PPP (current international $)",NY.GDP.PCAP.PP.CD,4466.055172,4573.706426,4691.691143,4827.613517,4977.067139,5246.379551,5614.58149,5847.272164,6088.377821,5981.526531,6152.394745,6492.63255,6773.622435,7014.692142,7236.117362,7453.429732,7686.143937,7972.782895,8331.804142,
San Marino,SMR,"GDP per capita, PPP (current international $)",NY.GDP.PCAP.PP.CD,60124.60568,64038.2942,64432.43081,67251.79035,71286.91179,74272.13113,78463.94477,85274.41008,87290.42012,75725.33716,72075.29692,65725.56752,61073.15924,59430.98471,59290.9167,59697.44342,61250.86378,63037.12578,,
Somalia,SOM,"GDP per capita, PPP (current international $)",NY.GDP.PCAP.PP.CD,,,,,,,,,,,,,,,,,,,,
Serbia,SRB,"GDP per capita, PPP (current international $)",NY.GDP.PCAP.PP.CD,5726.130474,6137.796738,6800.877215,7197.871716,8064.492325,9181.692585,10198.61081,11225.36244,12632.1427,12536.50405,12797.32427,13746.92668,13933.83821,14629.07053,14659.54058,14922.13735,15615.23211,16433.44975,17434.91613,
Sub-Saharan Africa (excluding high income),SSA,"GDP per capita, PPP (current international $)",NY.GDP.PCAP.PP.CD,1983.586291,2063.569163,2172.778238,2251.47457,2402.160849,2562.597327,2729.701316,2910.59023,3047.68188,3093.502025,3223.595898,3350.823168,3461.734652,3609.03118,3755.603884,3811.929676,3810.984025,3889.143024,3985.118728,
South Sudan,SSD,"GDP per capita, PPP (current international $)",NY.GDP.PCAP.PP.CD,,,,,,,,,3166.742744,3203.157961,3286.872034,3094.906841,1653.130666,1858.641006,1920.627626,,,,,
Sub-Saharan Africa,SSF,"GDP per capita, PPP (current international $)",NY.GDP.PCAP.PP.CD,1985.14037,2065.070064,2174.266901,2252.846136,2403.475277,2564.05013,2731.306962,2912.381081,3049.39669,3095.157755,3225.323047,3352.703186,3463.618896,3611.014815,3757.662207,3814.062822,3813.193649,3891.441058,3987.503987,
Small states,SST,"GDP per capita, PPP (current international $)",NY.GDP.PCAP.PP.CD,9908.134164,10399.18737,10898.31247,11468.09382,12597.29492,13462.77764,15073.32687,16525.676,17697.84629,17755.27441,18900.65675,20249.80368,20941.97539,21550.10434,22100.14036,22510.68134,22770.47268,23258.75826,23836.72369,
Sao Tome and Principe,STP,"GDP per capita, PPP (current international $)",NY.GDP.PCAP.PP.CD,,1605.192121,1638.861593,1743.923678,1819.323373,1961.42077,2147.582509,2213.778856,2372.815429,2382.691649,2507.202712,2612.010147,2689.201204,2813.153487,2997.322455,3086.025098,3189.251813,3312.727969,3418.58693,
Suriname,SUR,"GDP per capita, PPP (current international $)",NY.GDP.PCAP.PP.CD,7799.400009,8207.121207,8469.853249,9063.396066,9981.176965,10630.65723,11453.18223,12219.65847,12824.43343,13159.25969,13841.41492,14788.068,15303.70159,15851.99662,16018.08688,15472.9779,14622.05054,15002.41986,15510.46464,
Slovak Republic,SVK,"GDP per capita, PPP (current international $)",NY.GDP.PCAP.PP.CD,11378.14219,12391.15318,13312.20331,14165.4041,15212.45963,16639.39412,18894.40435,21201.85853,23725.85776,23085.33289,25152.7642,26049.79238,26933.42222,27967.1723,28991.56583,29924.12155,30824.59619,32243.84951,33736.40094,
Slovenia,SVN,"GDP per capita, PPP (current international $)",NY.GDP.PCAP.PP.CD,18003.72503,18956.12075,20241.52542,21088.99236,22740.22061,23852.64328,25693.73095,27543.4917,29604.29123,27543.39118,27824.64807,28931.38371,29042.82027,29973.69911,30870.02367,31636.75003,33191.67387,36142.79094,38048.78466,
Sweden,SWE,"GDP per capita, PPP (current international $)",NY.GDP.PCAP.PP.CD,29453.55155,29770.04484,30751.20665,31583.04807,33608.73327,34029.19029,37435.37573,40592.8002,41971.61205,40156.41031,42179.33712,44503.67324,45304.41571,46138.45457,47045.64635,48975.00451,49423.21647,51878.6944,53208.88436,
Eswatini,SWZ,"GDP per capita, PPP (current international $)",NY.GDP.PCAP.PP.CD,4905.545477,5025.168164,5299.747508,5587.107921,5925.264297,6449.37007,7005.219336,7465.187626,7619.630479,7742.410725,8073.511731,8370.819097,8930.862562,9373.003028,9565.531582,9810.545675,9953.995477,10249.51169,10637.84173,
Sint Maarten (Dutch part),SXM,"GDP per capita, PPP (current international $)",NY.GDP.PCAP.PP.CD,,,,,,,,,,31831.67673,33410.67883,36340.24464,36245.90974,35356.26954,35547.70212,35050.42282,34568.38463,31776.40604,,
Seychelles,SYC,"GDP per capita, PPP (current international $)",NY.GDP.PCAP.PP.CD,14684.04361,14652.49076,14611.1608,14165.73618,14184.8837,15870.28455,17520.16314,19764.54473,19280.3927,19137.3887,19948.41572,22556.58257,23051.79171,24412.8862,25594.10396,26546.40585,27672.51882,29062.26285,30557.07572,
Syrian Arab Republic,SYR,"GDP per capita, PPP (current international $)",NY.GDP.PCAP.PP.CD,,,,,,,,,,,,,,,,,,,,
Turks and Caicos Islands,TCA,"GDP per capita, PPP (current international $)",NY.GDP.PCAP.PP.CD,,,,,,,,,,,,19845.63099,19315.78149,19541.63676,20862.89067,21958.80232,22809.20614,23873.42061,25370.73354,
Chad,TCD,"GDP per capita, PPP (current international $)",NY.GDP.PCAP.PP.CD,789.0857645,866.9534573,919.30299,1033.579668,1365.774154,1593.191325,1595.093799,1635.096706,1661.636622,1688.082282,1875.557261,1852.938156,1988.064823,2067.796467,2179.247741,2191.741795,2012.817316,1929.472752,1968.258262,
East Asia & Pacific (IDA & IBRD countries),TEA,"GDP per capita, PPP (current international $)",NY.GDP.PCAP.PP.CD,3331.012877,3591.335921,3893.148167,4267.360653,4727.176096,5292.171888,5975.366075,6807.449207,7455.543491,8011.038644,8818.901912,9676.71589,10519.51389,11380.56528,12276.7457,13111.33015,13987.95821,15058.09493,16282.93743,
Europe & Central Asia (IDA & IBRD countries),TEC,"GDP per capita, PPP (current international $)",NY.GDP.PCAP.PP.CD,6566.383937,6941.132876,7432.373737,8125.530107,9065.238563,10086.07587,11926.1642,13299.00916,15178.62653,14812.69935,15836.4234,17875.27319,18796.4525,19527.28345,20023.7849,19924.45735,20316.68722,21703.27469,22758.66419,
Togo,TGO,"GDP per capita, PPP (current international $)",NY.GDP.PCAP.PP.CD,983.1198991,961.3663774,942.5333391,982.3464571,1004.334487,1020.978317,1065.777629,1089.696751,1125.033908,1164.346278,1216.508967,1286.470497,1360.257545,1430.525333,1504.32208,1566.994218,1630.600506,1691.534408,1773.896632,
Thailand,THA,"GDP per capita, PPP (current international $)",NY.GDP.PCAP.PP.CD,7312.810698,7659.243252,8190.496026,8875.774031,9621.585542,10270.27254,11039.84209,11885.80937,12261.4599,12207.96845,13213.31474,13537.48834,14727.14305,15318.63674,15694.33668,16293.6098,16961.26557,17917.20689,19051.33338,
Tajikistan,TJK,"GDP per capita, PPP (current international $)",NY.GDP.PCAP.PP.CD,943.1371819,1039.08812,1150.196263,1276.807012,1420.907352,1533.305278,1658.496929,1798.807199,1938.442493,1986.596247,2094.538959,2245.785335,2404.805181,2567.785701,2726.507194,2851.709486,3006.511141,3216.580702,3449.779316,
Turkmenistan,TKM,"GDP per capita, PPP (current international $)",NY.GDP.PCAP.PP.CD,4243.798539,4477.728363,4514.82698,4702.340206,5019.026996,5786.876112,6539.938877,7366.385083,8499.066211,8955.280706,9738.983107,11212.4865,12469.88011,13726.37238,15144.54545,16011.55121,16895.47613,18032.22196,19304.10131,
Latin America & the Caribbean (IDA & IBRD countries),TLA,"GDP per capita, PPP (current international $)",NY.GDP.PCAP.PP.CD,8727.970333,8843.647055,8881.614391,9110.019617,9800.707206,10433.92587,11326.51806,12140.30149,12762.78715,12556.00537,13352.70893,14240.95759,14750.83321,15249.57546,15573.69078,15521.03309,15386.17425,15737.51191,16166.91459,
Timor-Leste,TLS,"GDP per capita, PPP (current international $)",NY.GDP.PCAP.PP.CD,2597.769954,2844.860899,2628.765818,2577.720358,4232.660492,5791.984039,8277.114781,8774.681105,9655.649098,8981.084925,8821.211793,9860.331546,10369.38916,9216.474857,6833.300502,8177.850186,8168.746991,7416.223344,7658.434996,
Middle East & North Africa (IDA & IBRD countries),TMN,"GDP per capita, PPP (current international $)",NY.GDP.PCAP.PP.CD,7413.21342,7618.504271,7863.323137,8074.647953,8792.723277,9311.832874,9957.018439,10662.51949,11072.17525,11244.8315,11762.83905,11722.82171,12027.89441,12232.54445,12520.35739,12570.80949,13444.77858,13857.24918,,
Tonga,TON,"GDP per capita, PPP (current international $)",NY.GDP.PCAP.PP.CD,3665.902526,3860.989502,4034.236903,4171.913068,4242.379484,4413.484858,4474.59379,4365.824859,4553.276725,4669.997988,4889.298528,5151.454825,5339.532136,5313.805671,5567.035411,5849.717335,6092.258366,6321.606933,6419.561778,
South Asia (IDA & IBRD),TSA,"GDP per capita, PPP (current international $)",NY.GDP.PCAP.PP.CD,2134.106501,2232.814753,2310.082793,2478.720848,2691.437521,2940.490147,3210.32677,3481.129075,3606.765757,3833.44162,4112.321118,4351.006502,4614.423625,4915.528422,5288.857306,5671.434013,6097.572772,6562.46707,7084.490975,
Sub-Saharan Africa (IDA & IBRD countries),TSS,"GDP per capita, PPP (current international $)",NY.GDP.PCAP.PP.CD,1985.14037,2065.070064,2174.266901,2252.846136,2403.475277,2564.05013,2731.306962,2912.381081,3049.39669,3095.157755,3225.323047,3352.703186,3463.618896,3611.014815,3757.662207,3814.062822,3813.193649,3891.441058,3987.503987,
Trinidad and Tobago,TTO,"GDP per capita, PPP (current international $)",NY.GDP.PCAP.PP.CD,14590.83383,15477.72714,16896.24604,19597.94841,21615.02249,23555.7148,27346.16638,29283.36361,30724.79466,29454.02792,30620.1748,30980.45449,31770.1904,32831.47606,32937.07201,33698.66655,31754.46967,31461.26406,32014.78313,
Tunisia,TUN,"GDP per capita, PPP (current international $)",NY.GDP.PCAP.PP.CD,6021.264395,6331.13635,6465.27773,6843.692211,7408.824855,7839.868116,8421.998833,9135.799881,9605.921377,9868.305639,10227.32596,10139.13146,10642.5379,11032.93957,11460.34826,11598.86038,11743.4899,12047.05114,12502.82019,
Turkey,TUR,"GDP per capita, PPP (current international $)",NY.GDP.PCAP.PP.CD,9583.78065,9215.131989,9329.813176,9603.880437,10860.05874,11887.86395,13621.46548,14849.32529,16053.80379,15489.87192,17425.86136,19651.67848,20616.86987,22269.03766,23967.11803,25625.57463,26150.3998,27915.52365,28068.85941,
Tuvalu,TUV,"GDP per capita, PPP (current international $)",NY.GDP.PCAP.PP.CD,2428.493554,2498.379457,2706.083826,2628.841103,2624.523401,2569.873659,2672.208254,2889.413134,3152.091628,3003.298324,2925.616097,3180.104184,3086.009247,3248.194851,3319.10486,3619.410338,3727.711339,3903.655005,4049.56438,
Tanzania,TZA,"GDP per capita, PPP (current international $)",NY.GDP.PCAP.PP.CD,1245.069474,1314.909847,1392.131445,1470.929684,1578.693473,1700.950077,1815.144391,1934.752743,2026.252856,2088.519946,2182.374747,2329.330437,2408.249792,2539.662399,2680.385594,2791.023424,2926.328043,3090.494371,3227.034211,
Uganda,UGA,"GDP per capita, PPP (current international $)",NY.GDP.PCAP.PP.CD,849.103967,885.0605616,947.3411238,995.2352113,1057.383445,1123.213095,1242.210442,1339.980495,1438.876731,1500.178502,1552.93584,1679.937855,1722.184621,1757.490012,1820.129666,1868.547153,1908.300268,1945.358604,2038.073892,
Ukraine,UKR,"GDP per capita, PPP (current international $)",NY.GDP.PCAP.PP.CD,3817.510547,4303.35667,4646.840744,5225.772428,6062.087656,6485.633061,7227.729835,8033.265679,8423.700146,7267.415871,7664.396582,8281.867126,8481.779747,8647.990381,8710.749383,7972.435612,8289.707288,8693.693649,9233.150469,
Upper middle income,UMC,"GDP per capita, PPP (current international $)",NY.GDP.PCAP.PP.CD,5419.379683,5685.945148,5999.113089,6426.217867,7093.957643,7829.773016,8834.500571,9858.6181,10778.05952,11076.71832,12005.33229,13106.17993,13961.78921,14775.60401,15558.41838,16079.02593,16786.40987,17807.95175,18919.99158,
Uruguay,URY,"GDP per capita, PPP (current international $)",NY.GDP.PCAP.PP.CD,10249.7381,10054.52709,9422.245715,9681.415106,10446.4655,11574.32289,12399.89304,13540.07137,14756.47578,15456.18466,16808.28488,17993.44754,18930.9673,20094.29378,21069.23438,21300.97607,21820.25901,22728.13475,23572.17746,
United States,USA,"GDP per capita, PPP (current international $)",NY.GDP.PCAP.PP.CD,36334.90878,37133.24281,38023.16111,39496.48588,41712.80107,44114.74778,46298.73144,47975.96768,48382.55845,47099.98047,48466.82338,49883.11398,51603.49726,53106.90977,55032.958,56803.47243,57904.20196,59927.92983,62794.58565,
Uzbekistan,UZB,"GDP per capita, PPP (current international $)",NY.GDP.PCAP.PP.CD,2499.496162,2627.207489,2741.054692,2876.463685,3137.531025,3420.094331,3740.23256,4145.109337,4533.914272,4853.690566,5136.234068,5502.049022,5933.17607,6394.541435,6866.481774,7327.832069,7723.937506,8084.651372,8556.051512,
St. Vincent and the Grenadines,VCT,"GDP per capita, PPP (current international $)",NY.GDP.PCAP.PP.CD,6018.054836,6248.683949,6736.242394,7373.343424,7873.038743,8312.448941,9223.366048,9795.376157,10155.83137,10028.25893,9807.792586,9965.064507,10285.2807,10639.2469,10948.04925,11182.83559,11486.90066,11782.722,12287.9755,
"Venezuela, RB",VEN,"GDP per capita, PPP (current international $)",NY.GDP.PCAP.PP.CD,11609.45843,12040.82557,10946.51197,10103.47423,12062.7375,13495.61258,15038.96211,16549.8039,17512.66493,16840.28222,16541.55868,17319.28961,18343.47989,18648.62405,18102.46829,17136.85091,14485.61209,12640.73431,,
British Virgin Islands,VGB,"GDP per capita, PPP (current international $)",NY.GDP.PCAP.PP.CD,,,,,,,,,,,,,,,,,,,,
Virgin Islands (U.S.),VIR,"GDP per capita, PPP (current international $)",NY.GDP.PCAP.PP.CD,,,,,,,,,,,,,,,,,,,,
Vietnam,VNM,"GDP per capita, PPP (current international $)",NY.GDP.PCAP.PP.CD,2048.363759,2200.02024,2353.000468,2538.163204,2777.246874,3051.608497,3332.143253,3631.182562,3874.039234,4074.18424,4342.751917,4662.223052,4949.131363,5253.397519,5613.627304,5989.75769,6365.289485,6857.984044,7447.814334,
Vanuatu,VUT,"GDP per capita, PPP (current international $)",NY.GDP.PCAP.PP.CD,2247.43859,2166.861084,2037.99834,2110.139082,2196.248102,2326.010727,2537.567155,2676.832698,2837.237368,2882.471224,2888.738336,2905.904722,2930.914618,2956.516263,2997.943089,2954.966829,3011.853589,3123.565004,3221.149823,
World,WLD,"GDP per capita, PPP (current international $)",NY.GDP.PCAP.PP.CD,7986.020966,8260.908486,8552.194532,8917.190394,9519.452015,10132.56139,10959.07067,11721.8335,12260.65738,12232.98526,12876.52253,13592.33638,14152.53959,14764.10168,15342.94675,15807.9646,16336.70993,17117.15253,17912.36813,
Samoa,WSM,"GDP per capita, PPP (current international $)",NY.GDP.PCAP.PP.CD,3487.169815,3790.586688,3994.694834,4226.80407,4513.226983,4816.581754,5027.896853,5454.115605,5579.016217,5313.757658,5360.970497,5655.137334,5480.605903,5505.993493,5570.620519,5831.525656,6336.645501,6495.387727,6483.534228,
Kosovo,XKX,"GDP per capita, PPP (current international $)",NY.GDP.PCAP.PP.CD,3688.088054,4782.379635,4820.69745,5200.329414,5476.113407,5983.3044,6390.420478,6983.8792,7249.40936,7506.89862,7782.875107,8222.285712,8547.652384,8903.763429,9194.741819,9781.019679,10208.8579,10756.66346,11348.36345,
"Yemen, Rep.",YEM,"GDP per capita, PPP (current international $)",NY.GDP.PCAP.PP.CD,3181.383522,3278.903531,3363.240378,3452.738165,3581.824687,3789.889382,3915.384569,4038.655597,4148.556849,4221.413776,4472.726448,3876.302619,3935.167105,4084.882967,4045.500031,3320.110156,2827.691023,2645.308383,2575.126385,
South Africa,ZAF,"GDP per capita, PPP (current international $)",NY.GDP.PCAP.PP.CD,7719.255957,7994.262425,8315.442736,8613.587442,9136.414314,9796.154549,10524.34606,11240.26037,11667.84983,11416.00169,11728.16049,12179.17419,12488.21557,12815.72707,13090.47683,13185.25328,13188.02962,13438.28289,13686.88236,
Zambia,ZMB,"GDP per capita, PPP (current international $)",NY.GDP.PCAP.PP.CD,1691.967387,1773.963693,1835.247757,1948.531639,2087.213343,2248.465939,2434.454195,2637.277877,2819.650593,3017.024571,3269.794329,3419.01046,3634.780353,3765.584162,3893.549478,3927.761816,3998.004435,4090.12004,4223.906936,
Zimbabwe,ZWE,"GDP per capita, PPP (current international $)",NY.GDP.PCAP.PP.CD,2344.271146,2421.530752,2235.360895,1885.511354,1818.104977,1759.358119,1738.51425,1705.901346,1417.507098,1581.161558,1888.566739,2168.110293,2534.541919,2583.985638,2648.568967,2679.580317,2687.385429,2825.725122,3029.793005,