"","country","neet_male","relative_wc_male","mismatch_male","workingpov_male","underemp_male","informal_male","elementary_male","nosecondary_male","literacy_male","test_scores_male","country_code","transition_mean_male","working_conditions_mean_male","education_mean_male","transition_geom_male","working_conditions_geom_male","education_geom_male","index_mean_male","index_geom_male","neet_female","relative_wc_female","mismatch_female","workingpov_female","underemp_female","informal_female","elementary_female","nosecondary_female","literacy_female","test_scores_female","transition_mean_female","working_conditions_mean_female","education_mean_female","transition_geom_female","working_conditions_geom_female","education_geom_female","index_mean_female","index_geom_female","neet","relative_wc","mismatch","workingpov","underemp","informal","elementary","nosecondary","literacy","test_scores","transition_mean","working_conditions_mean","education_mean","transition_geom","working_conditions_geom","education_geom","index_mean","index_geom"
"1","Ukraine",86.54,78.6792142509446,92.0280321877375,99.985691216,99.73,65.7137254901961,97.4293791064978,91.796338028169,99.95707,59.0769230769231,"UKR",85.7490821462273,90.7146989531735,83.610110368364,85.5721309096675,89.3876302996112,81.5365341723454,86.6912971559216,85.4385769214986,80.35,91.4371513871493,96.2450455376434,99.984028317,99.73,34.9117647058823,87.9068684239996,96.7864276568502,99.98272,57.8461538461538,89.3440656415976,80.6331653617205,84.871767167668,89.090005080733,74.3768472385874,82.4146905127638,84.9496660569954,81.7379598408049,83.53,84.3567838415976,94.5287488298768,99.984990353,99.73,29.5150943396226,90.6103565289779,90.4301216389245,99.96976,58.4615384615385,87.4718442238248,79.9601103054001,82.9538067001543,87.3324146735379,71.861397833071,80.8507404242921,83.4619204097931,79.7599813021516
"2","Kyrgyzstan",88.0071,100,90.758468983417,99.645086893,97.5066,20,62.6171396942549,99.8,99.69,35.0769230769231,"KGZ",92.9218563278057,69.9422066468137,78.1889743589744,92.782974326477,59.0613379572248,70.4046281756799,80.3510124445313,72.798806658586,70.5839,75.8212783034172,69.5156998906629,99.745051419,92.5104,36.3,69.439581271771,99.4,99.81,38.7692307692308,71.9736260646934,74.4987581726928,79.3264102564103,71.9216900704039,69.4462675112054,72.7248009719966,75.2662648312655,71.3505148944483,79.4612,92.5639601900211,82.1345377528055,99.675475466,95.998,25.3,64.677291056867,99.6,99.75,36.9230769230769,84.7198993142755,71.4126916307167,78.7576923076923,84.5358559777998,62.904354620842,71.5852219702544,78.2967610842282,72.4739080226076
"3","Mongolia",83.7133,77.7630216901428,90.8081129840333,99.788427928,99.3641,37.3,89.8143441753404,80.3878873239437,98.19,41.5384615384615,"MNG",84.0948115580587,81.5667180258351,73.3721162874684,83.9261718068351,75.917352565442,68.9555818713971,79.6778819571207,76.0214178690276,78.4676,17.1523973072063,76.1363023416214,99.826926358,98.6157,50.2,93.7170071535083,81.0656850192061,99.08,41.2307692307692,57.2520998829426,85.5899083778771,73.7921514166585,46.7953097256194,82.4952555780385,69.1854596684863,72.2113865591594,64.3994329115947,81.1159,96.0801184863731,84.3522824445611,99.803292266,99.0827,42,91.3209399255552,77.2453158344003,98.63,41.5384615384615,87.182766976978,83.0517330478888,72.4712591242873,86.9518419849164,78.4766744390399,68.1465485199453,80.9019197163847,77.4737207747955
"4","Moldova, Republic of",69.35,76.3264413976041,88.956535365247,99.976899443,97.4049,68.9,77.4650068522502,84.1072343149808,99.8067,38.4615384615385,"MDA",78.2109922542837,85.9367015738126,74.1251575921731,77.797644262294,84.9085283314561,68.6024933298993,79.4242838067564,76.8102573405402,75.17,NA,NA,99.971540193,98.2014,77.4,90.1715838591095,90.6354673495519,99.81553,44.9230769230769,NA,91.4361310130274,78.4580247575429,NA,90.9810993619219,74.072203368815,NA,NA,72.17,94.462454490607,93.4203776042663,99.973151086,97.7533,72.8,83.1342655798029,78.9498079385403,99.81101,41.8461538461538,86.6842773649578,88.4151791664507,73.5356572615647,86.0371171212977,87.69635909521,69.0867917137764,82.8783712643244,80.4799095051468
"5","Nepal",78.4584,94.6461346665004,79.8894308617222,94.707315857,91.8843,7.40000000000001,72.9696289398829,85,94.03428,34.4918743228602,"NPL",84.3313218427409,66.7403111992207,71.1753847742867,84.0253929654471,46.5585744275243,65.0839607917431,74.0823392720828,63.3813376156442,53.4331,83.9573046112294,98.0068267212892,93.22559041,88.6324,8.40000000000001,79.4376289647746,75.6,90.88347,28.4776484996938,78.4657437775062,67.4239048436936,64.9870394998979,76.039933569431,48.4571985500687,58.0546405404508,70.2922293736993,59.8061240460739,64.6511,89.1542299715346,87.8224210496555,93.920108054,90.6545,7.8,75.4157305135525,80.3,92.39381,21.2307692307692,80.54258367373,66.9475846418881,64.6415264102564,79.6968382690242,47.3070779868377,54.0059218670731,70.7105649086248,58.8305443241952
"6","Viet Nam",88.0128,35.2528674188295,87.7911222257128,97.912402337,99.6363,18.3,53.8482011034157,83.5035211267606,98.46012,65.8461538461538,"VNM",70.3522632148474,67.4242258601039,82.6032649909715,64.8231744945693,55.6825860391173,81.5014222196991,73.4599180219743,66.5076536546573,82.5842,46.5461829343279,85.0939809695105,97.46369225,99.7327,34.2,65.1911919556288,81.1,98.35314,68.9230769230769,71.4081213012795,74.1468960514072,82.7920723076923,68.9011747582653,68.229763523359,81.9202458662821,76.1156965534597,72.7551789523134,85.42,50.1702443581487,87.0063648557545,97.709776864,99.6789,25.6,59.1543081956324,78.6584507042253,98.4081,67.3846153846154,74.1988697379677,70.5357462649081,81.4837220296136,71.9756511426794,61.9714846704994,80.4968704528764,75.4061126774965,71.0753215563627
"7","Tunisia",80.5897,89.3531683664307,90.7371929831529,99.92910495,96.4118675110068,14.8,61.3941759708672,67.8387708066581,96.61184,24.9230769230769,"TUN",86.8933537831945,68.1337871079685,63.1245625765784,86.7743984986855,54.3942315550426,54.664241600923,72.7172344892471,63.6623395965557,68.7586,91.165903656043,73.7937210777543,99.940079014,98.8699713134569,22.1,92.6381548791749,65.2412291933419,95.80119,26.4615384615385,77.9060749112657,78.3870513016579,62.5013192182934,77.3380039471316,67.0650984837092,54.8911980333038,72.9314818104057,65.7855856167958,74.7832,93.4843501921474,87.2687799981065,99.932326075,96.7560221405676,16.9,67.2515811048836,64.1960307298335,96.2091,25.8461538461538,85.1787767300847,70.2099823301128,62.0837615253291,84.8139495753987,57.5762401806899,54.2467117391448,72.4908401951755,64.2236034042412
"8","Cameroon",89.4625,92.7122117992432,89.4439360359076,85.26858248,88.18,4.3,93.9557072311995,67.6,87.72,23.3846153846154,"CMR",90.5395492783836,67.9260724277999,59.5682051282051,90.526617111415,41.7481937014189,51.7597118695376,72.6779422781295,58.0499625383894,76.9347,100,60.8137915624634,82.49439853,91.53,3.09999999999999,88.5974717048312,58.7,82.41,25.5384615384615,79.2494971874878,66.4304675587078,55.5494871794872,77.6321204406397,37.9483359203684,49.8047673327158,67.0764839752276,52.743429698979,82.9851,99.0615648364782,62.6224364057064,83.98514812,89.77,3.7,91.4170029659778,63.15,85.08,24.3076923076923,81.5563670807282,67.2180377714945,57.5125641025641,80.1453670167396,39.9613917575719,50.7358400442889,68.7623229849289,54.5688281565489
"9","Algeria",89.06,89.1368800646363,85.8958433930708,99.848716339,80.43,7.22119258662369,83.4574190964249,66.6246862996159,97.59406,20.3076923076923,"DZA",88.0309078192357,67.7393320055122,61.5088128691027,88.0178500253398,46.9038625066051,50.9221086333017,72.4263508979502,59.4605033154801,68.31,100,85.2689919759606,99.905157893,73.59,7.95414987912973,85.1200236340303,65.2677336747759,97.25216,25.5384615384615,84.5263306586535,66.64233285154,62.6861184044125,83.513843507172,47.2343621196383,54.5252300591666,71.2849273048687,59.9153376291352,79.05,92.748930377619,82.1869781277405,99.855700262,79.56,7.72385629361592,84.5427964826141,63.6727912932138,97.42652,22.7692307692308,84.6619695017865,67.9205882595575,61.2895140208149,84.4639262655322,47.7248538977911,52.0786613717034,71.2906905940529,59.4326682590881
"10","Philippines",85.621,86.808997870984,82.7705590781499,95.642653927,86.94,19.4,50.4446582542414,75.7506145966709,98.90415,30.7692307692308,"PHL",85.0668523163779,63.1068280453104,68.4746651219672,85.0498677051784,53.4099341024735,61.3158055448815,72.2161151612185,65.3064446440383,74.2609,100,89.9254458430285,97.907313092,93.43,35.1,75.1962919189254,92.7,99.26673,36.3076923076923,88.0621152810095,75.4084012527314,76.0914741025641,87.407279376333,70.0972944309777,69.3895437750901,79.8539968787683,75.1936148367484,80.1098,94.303654092443,84.6864189639487,96.47179909,89.3,25.2,59.4385694661886,76.2691047801963,99.0826,33.5384615384615,86.3666243521305,67.6025921390471,69.6300554395526,86.167331943404,59.9349547079654,63.2843601381043,74.5330906435768,68.8821044326187
"11","Cambodia",89.737,90.3981413605861,85.9871463411057,89.4126839,99.4555,2.59999999999999,79.0389458202665,64.3,91.86412,23.5223649589847,"KHM",88.7074292338973,67.6267824300666,59.8954949863282,88.6859579231103,36.767204096811,51.7939808642936,72.0765688834307,55.2753608468248,99.9023,99.110994848497,91.5379690014422,91.225102091,99.5643,2.7,87.7802225754264,62.8,92.57328,26.5564086862311,96.8504212833131,70.3174061666066,60.643229562077,96.7756725622719,38.304042550089,53.6461071842145,75.9370190039989,58.3691014152044,99.9374,97.2020665663967,91.6934023240879,90.260862595,99.507,2.59999999999999,83.0938923067714,63.55,92.21236,46.7692307692308,96.2776229634949,68.8654387254428,67.5105302564102,96.2159807037436,37.3227719222211,64.9563539528879,77.551197315116,61.5574914998795
"12","Occupied Palestinian Territory",73.27,64.8039951174523,93.3531406285074,99.697522625,96.7421,13.4,66.330297024751,75.7049423815621,99.29223,30.4615384615385,"PSE",77.1423785819866,69.0424799124378,68.4862369477002,76.2463342224453,54.1102018989131,61.1782585411554,71.5570318140415,63.1972835501299,59.6047,51.8185932129846,61.507910869591,99.815645548,97.4565,20.3,92.1650460581294,80.3601792573624,99.38239,38.1538461538462,57.6437346941919,77.4342979015323,72.6321384704028,57.4864778274331,65.3157515126245,67.2919147255078,69.236723688709,63.2191770503145,66.593,67.9248658838882,81.2936079059067,99.708225913,96.807,14.1,68.7691621782027,76.9201877934272,99.33625,34.4615384615385,71.9371579299316,69.8460970228007,70.2393254183219,71.6425863962578,55.3111450338362,64.0955068570022,70.6741934570181,63.3291750092499
"13","El Salvador",85.4782,79.8463211180915,85.8901874582368,99.077652377,93.9475,23.3,56.609880066948,67.2085147247119,97.72745,21.5384615384615,"SLV",83.7382361921094,68.233758110987,62.1581420877245,83.6921278743665,59.1939433832615,52.1056935882558,71.3767121302736,63.6720776487987,60.8608,72.9127769731754,78.9193984817603,99.485163507,92.8341,24.7,75.9490092836359,58.7727912932138,98.21068,16.6153846153846,70.8976584849786,73.242068197659,57.8662853028661,70.4868908011683,64.5165638691506,45.7736078558273,67.3353373285012,59.2649937019744,72.8514,77.3776579389262,81.5996136562971,99.220381854,93.5504,23.8,63.5212813158604,61.4436459667094,97.97372,19.0769230769231,77.2762238650744,70.0230157924651,59.4980963478775,77.1934637037173,61.2048287957116,48.6069422672613,68.932445335139,61.2380715426395
"14","India",85.7421,84.7162672811563,76.4698880620319,85.84329849,93.1684675799087,3.59999999999999,78.6850950207336,87.7,92.99297,14.4615384615385,"IND",82.3094184477294,65.3242152726606,65.0515028205128,82.2022668722022,38.7965029581414,49.0404826991873,70.8950455136343,53.87786409091,51.7482,58.7865164550291,50.1058700299738,83.45578444,92.5287319903304,4.7,85.0129324140448,80.9,90.16941,19.0769230769231,53.5468621616676,66.4243622110938,63.382111025641,53.4179471088467,41.9110920659759,51.8209486888281,61.1177784661342,48.7723681641059,69.5854,82.7853989726302,71.2506841286472,85.44511257,91.9328861402095,3.8,82.0266987122826,84.3,91.66404,16.9230769230769,74.5404943670925,65.801174355623,64.2957056410256,74.316794834385,39.5570810934733,50.7577036594347,68.212458121247,53.04010699551
"15","Zimbabwe",88.8451,84.2626342453243,83.0471012431909,76.81995329,83.2052,4.8,87.3590324545272,75.7,87.59186,25.1722643553629,"ZWE",85.3849451628384,63.0460464361318,62.821374785121,85.3488479900245,40.4616314635857,55.0588712837892,70.4174554613637,57.5028609226584,78.2305,95.2013565634901,81.4074931272483,79.12885429,79.8006,2.3,87.866994789945,77.8,93.18835,30.2964812285082,84.9464498969128,62.2741122699863,67.0949437428361,84.6371845254695,33.6103984336231,60.3361789611451,71.4385019699117,55.5739019741196,83.4388,90.3841429494311,82.3871281585742,77.89334308,81.5588,3.59999999999999,87.5996198257347,76.75,90.42812,29.5384615384615,85.4033570360018,62.6629407264337,65.5721938461539,85.3309445104248,37.6221814124602,58.9644048484831,71.2128305361964,57.417835290523
"16","Haiti",87.3232,100,77.8431891164515,92.81932412,86.2525,6.2,78.9433863009615,68.4,83.3535,11.3846153846154,"HTI",88.3887963721505,66.0538026052404,54.3793717948718,87.925886168967,44.4917392861043,40.1882814515851,69.6073235907542,53.971587316636,76.3293,100,85.3273289781106,87.87836089,91.9712,8.33233951114692,85.6246779753367,68.7,82.63483,16.9230769230769,87.2188763260369,68.4516445941209,56.085968974359,86.6815117367644,49.0032548584648,45.8000973573118,70.5854966315056,57.9436615052986,81.8097,100,80.8927378767688,90.956466202,88.3208,6.86704574825537,83.1010403274554,68.55,82.99425,13.8461538461538,87.5674792922563,67.3113380694277,55.1301346153846,87.1441246015707,46.2719970548461,42.8675048370659,70.0029839923562,55.7050865819153
"17","Nicaragua",98.8457,63.3821174140571,89.2020898038243,87.92302832,74.9653,11.1,78.768979005362,64.7411011523688,89.64283,28.3076923076923,"NIC",83.8099690726271,63.1893268313405,60.8972078200204,82.369516739518,48.9959608654034,54.7688180885075,69.2988345746627,60.4625865411835,98.3228,89.0088336026268,88.8525381179607,96.254229096,63.8771,22.1,85.4719092755488,65.296542893726,93.60194,28.3076923076923,92.0613905735292,66.9258095928872,62.4020584004728,91.9571978035943,58.3774569912472,55.7219750622539,73.7964195222964,66.8783886699511,98.5808,71.5300982208037,84.3207721319666,90.155704405,70.6566,14.4,83.1130579777261,63.1916133162612,91.57178,28.3076923076923,84.8105567842567,64.5813405956815,61.0236952079845,84.0888819501816,52.546576347786,54.7152668888013,70.1385308626409,62.2965278683171
"18","Mozambique",86.6797794444444,97.8484328653361,73.9986673559703,50.42065541,89.0267,62.4,88.1149168086233,46.4,77.26017,20,"MOZ",86.1756265552503,72.4905680546558,47.8867233333333,85.6180219840327,70.4840250459182,41.5433210486087,68.8509726477465,63.0549278329788,66.7548846207216,98.2057852540998,51.5713377535642,40.82538831,90.8768,68.7,96.1988474334601,39.4,65.48977,21.8461538461538,72.1773358761285,74.150258935865,42.2453079487179,69.6641763000588,70.368369641753,38.342599941293,62.8576342535705,57.2826170537424,75.228058,98.0790371653562,64.4340814042863,45.56677204,90.001,64.9,92.3723106386039,40.65,70.91245,20.9230769230769,79.2470588565475,73.210020669651,44.1618423076923,78.0471823150744,70.415866169374,39.2165631723287,65.5396406112969,59.955969275326
"19","Lao People's Democratic Republic",60.9285,75.8700655016019,92.6307443099056,87.24459548,97.6474,9,82.9778310447745,63.5325864276568,94.40438,19.3846153846154,"LAO",76.4764366038358,69.2174566311936,59.1071939374241,75.3729244931458,50.2228034364619,48.8069822863907,68.2670290574845,56.9551182654509,55.0824,38.6663880172338,89.2193668159863,87.37592556,97.5859,10.8,94.0336485685809,58.5135723431498,90.50107,22.7692307692308,60.9893849444067,72.4488685321452,57.2612910374602,57.491265095597,54.2464691911122,49.4029514304961,63.566514838004,53.6095397708089,57.9248,62.874000202001,91.1627373948674,87.31255987,97.6159,9.90000000000001,88.6304920829868,58.7994078104994,92.46264,20.9230769230769,70.6538458656228,70.8647379882467,57.3950415778588,69.2443480847776,52.2942465110413,48.4531032971423,66.3045418105761,55.982627704407
"20","Togo",81.7203,79.4773872082113,76.3877292164613,53.72910316,98.0331,3.59999999999999,87.7985663346093,75.2,89.67247,25.8461538461538,"TGO",79.1951388082242,60.7901923736523,63.5728746153846,79.1648472023312,35.9205570625658,55.8587182499421,67.8527352657537,54.1571085155085,68.4656,90.2746611109794,49.4014598128035,63.62299103,96.2989,5.3,85.1496832993557,61,78.37085,25.5384615384615,69.380573641261,62.5928935823389,54.9697705128205,67.3378670609623,40.7777800283694,49.6089126216105,62.3144125788068,51.4534161475632,74.9225,86.259662532127,76.9999485096296,58.70292627,97.0263,4.40000000000001,86.2607447023129,64.75,84.29011,25.8461538461538,79.3940370139189,61.5974927430782,58.2954212820513,79.2446861966247,38.3445614613943,52.05599749316,66.4289836796828,54.0814382350688
"21","Myanmar",91.7861,43.6344792294404,83.0642321737686,96.192980661,95.1423,6.2,69.0963981035168,68.7,85.11967,36.3076923076923,"MMR",72.8282704677363,66.6579196911292,63.3757874358974,69.290483162796,44.4980553195511,59.6570496631953,67.6206591982543,56.871165801397,81.415,80.8867567954892,69.4566536736374,96.678483821,96.3087,5.8,76.9004683548533,65.2,84.41379,40.3076923076923,77.2528034897089,68.9219130439633,63.3071607692308,77.0486857431786,45.1427573436993,60.5363608863688,69.827292434301,59.491722369622,86.3988,61.5810365269813,73.5291810991681,96.396590796,95.6728,6,72.6248602558759,66.95,84.75116,38.4615384615385,73.8363392087164,67.673562762969,63.3875661538462,73.1371688639387,44.7735654405192,60.2061645876406,68.2991560418439,58.2014219657276
"22","Honduras",88.4382,80.904253798133,80.3132817246221,83.89117367,90.5048,10.1,47.9470526085577,53.7,94.89199,31.0769230769231,"HND",83.2185785075851,58.1107565696394,59.8896376923077,83.1379939593341,43.789278864919,54.1020785957297,67.0729909231774,58.1826853596774,57.7765,100,83.9344362894891,93.088016057,81.3742,13.5,72.8443618959633,60.7,98.1851,30.4615384615385,80.5703120964964,65.2016444882408,63.1155461538462,78.565245002385,52.2429334386155,56.623325305207,69.6291675795278,61.4824452061772,73.3187,91.2903096840085,78.6431783049396,86.87999005,87.7238,11.2,56.023227769684,57.2,96.51584,30.7692307692308,81.0840626629827,60.456754454921,61.4950235897436,80.742123000868,46.7633738808318,55.3822277008015,67.6786135692158,59.3552047484701
"23","Pakistan",92.4546,74.2908433136711,79.4774787904663,97.566088887,98.9086,12.1,78.8073259697636,47.9,81.26352,10.7692307692308,"PAK",82.0743073680458,71.8455037141909,46.6442502564103,81.7277039437688,55.0771206766736,34.738037181677,66.8546871128823,53.8743364229963,45.0572,85.4268316205448,64.6350818569992,97.342854182,98.8028,7.7,86.3219770870106,35.2,67.53713,13.2307692307692,65.0397044925147,72.5419078172526,38.6559664102564,62.8939591185531,50.2830205235304,31.5662835349039,58.7458595733412,46.3893102407332,69.0416,76.9210980528664,76.4910714643361,97.517816601,98.8844,11.1,80.5206662773026,41.55,74.52638,12,74.1512565057342,72.0057207195756,42.6921266666667,74.0609063033098,54.1826850091061,33.3698381499791,62.9497012973255,51.1604726850062
"24","Sudan",80.0198,84.0065132827908,82.3106832850981,94.574499546,95.3266183185603,6.09999999999999,84.6860438660522,50.3870934699104,72.51,21.8461538461538,"SDN",82.1123321892963,70.1717904326531,48.2477491053547,82.0960400815247,46.4550016361341,43.0557078296639,66.8439572424347,54.7597942236087,53.576,75.814443552451,53.8696004614935,95.72329238,93.1108421702928,3.5,85.7602333005007,56.5510883482714,73.49,27.3846153846154,61.0866813379815,69.5235919626984,52.4752345776289,60.2590107022581,40.4429633773158,48.4609533453935,61.0285026261029,49.0627974447465,67.1898,82.7234940992175,74.3823036983484,94.90855505,95.7027001880204,5.40000000000001,84.864928951069,50.1599231754161,73,24.6153846153846,74.7651992658553,70.2190460472723,49.2584359302669,74.4961704039258,45.1687311825037,44.8361984705351,64.7475604144649,53.2353614663984
"25","Bangladesh",90.1892,83.394427329536,69.0959467268004,90.250345509,96.3197,2.40000000000001,83.2471182592289,40,91.80372,20.6153846153846,"BGD",80.8931913521121,68.0542909420572,50.8063682051282,80.3985184275653,36.3024646497091,42.302941907796,66.5846168330992,49.7949051286663,55.4499,81.6977880548934,75.5965888834199,88.33644007,95.2906,1.8,87.3137963220708,65.4,94.91259,21.5384615384615,70.9147589794378,68.1852090980177,60.6170171794872,69.9634292667899,33.914571387933,51.1334878611665,66.5723284189809,49.5055944194233,72.6137,82.7423473323846,70.9792852210964,89.6844976,95.9964,2.2,84.5248016490559,50.95,93.29644,20.9230769230769,75.4451108511603,68.101424812264,55.0565056410256,75.2707092916007,35.5708949380629,46.3317037531161,66.20101376815,49.8730992213866
"26","Senegal",71.2894,97.0829112601938,81.9544793351511,61.43667183,95.4,0.599999999999994,88.9391875979152,51.3,75.57641,36,"SEN",83.4422635317816,61.5939648569788,54.2921366666667,82.7777241755327,23.6485826012748,51.8722844569343,66.442788351809,46.6535458742235,57.2302,93.2249775750483,89.5843467525247,56.1248737,84.95,0.5,59.462399543817,48.5,63.50271,33.2307692307692,80.0131747758577,50.2593183109543,48.4111597435897,78.1861618380848,19.4036216941109,46.7761848943438,59.5612176101339,41.401158779334,63.7608,96.3368812137515,82.375335392813,59.33727296,91.46,0.599999999999994,76.1295830327481,49.9,69.47841,34.4615384615385,80.8243388688548,56.881713998187,51.2799828205128,79.6858443160634,22.3134061412235,49.2525090507293,62.9953452291849,44.4077193328923
"27","Zambia",62.6964,88.5236204261569,95.281449978648,47.09971982,92.8055,14,69.8512299078783,58.8,92.55964,22.6534592168395,"ZMB",82.1671568016016,55.9391124319696,58.0043664056132,80.8667600160177,45.4698511919522,49.7711685282948,65.3702118797281,56.7749993292409,51.7783,79.7761293876258,78.8082434770894,48.786554,90.7968,10.8,76.6176619327816,57.4,91.62819,25.5384615384615,70.1208909549051,56.7502539831954,58.1888838461538,68.7908694935278,43.7553169479738,51.2128066201869,61.6866762614181,53.6183448223818,56.9544,85.841764323093,87.923779276642,47.92827786,91.9609,12.6,72.6964464724282,58.1,92.09157,17.8461538461538,76.9066478665783,56.2964060831071,56.0125746153846,75.4705337026688,44.8249373450658,45.7067365620553,63.0718761883567,53.6734002192822
"28","Uganda",78.5685,93.9811551040125,84.7752666728948,63.8883437,93.1558,2.90000000000001,84.8783304662895,41,88.8269,16.7460145488315,"UGA",85.7749739256358,61.2056185415724,48.8576381829438,85.543326588953,34.7901730407945,39.3622524375751,65.2794102167173,48.9298880409042,62.4252,96.2838579284403,66.4577896967656,62.38033386,92.6196,2.09999999999999,88.1062023606358,39.3,89.95064,20.8071977012577,75.0556158750686,61.301534055159,50.0192792337526,73.6466685912903,32.1546726938172,41.8989816147737,62.1254763879934,46.2949431995675,70.2039,95.214959860856,75.365618857991,63.16029049,92.9155,2.5,86.4891485515623,40.15,89.39631,29.8461538461538,80.2614929062824,61.2662347603906,53.1308212820513,79.5694884044578,33.5628227487656,47.4931715044207,64.8861829829081,50.2433674130817
"29","Egypt",80.4486,50.9408885943511,76.0499985547194,99.362829223,97.4939,9.40000000000001,92.4242510571375,50.5566581306018,89.48338,13.5384615384615,"EGY",69.1464957163568,74.6702450700344,51.1928332230211,67.7997468663671,53.8615437234111,39.4181905672031,65.0031913364708,52.4084342046789,65.0275,60.5284972655403,61.4816198697619,99.393132991,98.9654,19.4,97.5904529147975,81.1,86.81055,20.9230769230769,62.3458723784341,78.8372464764494,62.9445423076923,62.3161695611042,65.6919580734509,52.8128540678569,68.0425537208586,60.0183702627026,73.1255,48.2832863050427,70.0454460527991,99.371078999,97.7019,12.1,92.1600486118957,49.955185659411,88.19256,17.2307692307692,63.818077452614,75.3332569027239,51.7928382967267,62.7694791870024,57.3617998930762,42.3421003940978,63.6480575506882,53.4213137750361
"30","Comoros",78.6474,63.5110240664414,73.1660233719985,79.2,90.4331,6.2,78.6641240245765,66.9,78.23941,30.7692307692308,"COM",71.7748158128133,63.6243060061441,58.6362135897436,71.4958738971759,43.2319923122468,54.4071664025374,64.6784451362337,55.1968269179597,66.8659,78.2472621648492,80.757717146718,81.82666293,90.4838,5.55127585280687,84.8628567063984,66.3,78.30236,26.7692307692308,75.2902931038557,65.6811488723013,57.1238635897436,75.0388137148544,43.2159467561477,51.7974154989242,66.0317685219669,55.1754682285759,72.4157,71.0864658499101,89.6213269218014,80.56809905,90.4557,6.60214525717239,82.6199667561711,66.6,78.27039,28.3076923076923,77.7078309239039,65.0614777658359,57.7260274358974,77.269898549063,44.6521409220657,52.8435595957427,66.8317787085457,56.7041569218855
"31","Ghana",72.3256,67.939708180765,65.7600493681554,87.58781067,83.4709,6.5,88.9540672795271,80.4,92.761,2.46153846153846,"GHA",68.6751191829735,66.6281944873818,58.5408461538462,68.6213541919474,45.3434419341108,26.380075380902,64.6147199414005,43.459354018882,66.7314,87.1275492514908,78.4879942218236,88.75813104,83.0624,8.3,93.2948626974831,76.3,92.20855,1.84615384615385,77.4489811577715,68.3538484343708,56.7849012820513,76.9891730931171,48.8806656715034,23.5064947868928,67.5292436247312,44.557232999937,69.5398,78.3331340075374,73.0303781531853,88.12388858,83.2625,7.40000000000001,91.1689397361053,76.95,92.49097,2.15384615384615,73.6344373869076,67.4888320790263,57.1982720512821,73.5463001345728,47.1688655039469,24.8412938659513,66.1071805057387,44.1702805447172
"32","Liberia",91.0804,95.4968047363879,91.9670362275522,53.86900662,74.5719,5.09999999999999,89.4218656064868,57.8,64.95713,10.7692307692308,"LBR",92.8480803213134,55.7406930566217,44.5087869230769,92.8286398132002,36.7901890469619,34.3225687285887,64.3658534336707,48.9400711699193,83.312,95.4193630129917,85.2950574450064,55.01640964,80.1755,4,78.7804644577382,52.6,45.63871,8.61538461538461,88.0088068193327,54.4930935244345,35.6180315384615,87.8528752777604,34.3362697809321,27.4492990240184,59.3733106274096,43.5859768201632,86.8466,95.8993599538648,87.9151638273481,54.41298902,77.0995,4.59999999999999,89.806709422356,50.2,55.3987,9.84615384615385,90.2203745937377,56.479799610589,38.4816179487179,90.1316745136787,36.2831671987571,30.1409291434635,61.7272640510149,46.1933815156724
"33","Angola",92.387,84.0458521234414,58.4143840577778,63.52858162,93.3093361524717,6.2,83.5640379179542,64,84.86238,8.30769230769231,"AGO",78.2824120604064,61.6504889226065,52.3900241025641,76.8332110454477,41.8626138278496,35.6006992504737,64.1076416951923,48.5599187211792,87.7704,90.5071591662134,43.4587513685439,67.27675061,NA,NA,NA,53.3,70.58513,7.69230769230769,73.9121035115858,NA,43.8591458974359,70.1513584100373,NA,30.7019310396078,NA,NA,89.9911,89.1455067321326,50.6744693140836,65.50099421,96.2326629589041,10.758904109589,91.6301105118431,58.65,77.43113,8,76.6036920154054,66.0306679475841,48.0270433333333,74.0791645627772,49.9279989846751,33.1200665088573,63.5538010987743,49.6642420963738
"34","Burundi",93.56,91.0485578312926,90.4650062084229,23.92914935,89.7855,1.09999999999999,56.8598413361296,44.6,91.03415,35.3846153846154,"BDI",91.6911880132385,42.9186226715324,57.0062551282051,91.6814135257707,19.1462157560155,52.3742591986595,63.8720219376587,45.1329839254625,94.02,85.4626747017322,80.7954197432167,27.47161037,90.2945,0.299999999999997,64.7393103086768,42.2,85.61855,40.6153846153846,86.759364814983,45.7013551696692,56.1446448717949,86.588687427362,14.8152397771545,52.7460930488313,62.868454952149,40.7492899733536,93.81,88.9853930798832,84.3508119633067,25.87471643,90.0963,0.599999999999994,59.225809420218,43.4,88.22177,37.8461538461538,89.0487350143966,43.9492064625545,56.489307948718,88.9649711425078,16.9652866714561,52.5245591051994,63.162416475223,42.9583461805877
"35","Sierra Leone",90.5183,83.9613154658732,84.9941515111461,49.02358004,85.973,6.2,85.7483082327538,67.1,70.57611,5.53846153846154,"SLE",86.4912556590064,56.7362220681884,47.7381905128205,86.4440067673275,38.6897647183629,29.7114007513108,63.6552227466718,46.3181674203203,89.3549,93.9536137987039,85.1107373424685,46.35326247,89.5102,8.8,84.8380655821228,56.4,62.69922,4.30769230769231,89.4730837137242,57.3753820130307,41.1356374358974,89.4002510707843,41.9523763354985,24.7891692267041,62.6613677208841,45.3021790476097,89.9098,89.87956038461,84.3456652789162,47.39631297,88.2253,7.5,85.3094395094517,60.2,66.6486,4.92307692307692,88.0450085545087,57.1077631198629,43.9238923076923,88.005587480827,40.4435261675892,27.0317843857862,63.025554660688,45.8224168244237
"36","Mauritania",77.3062,80.2414736574985,76.4274393251538,95.686101885,96.4748,2.59999999999999,84.2393504638655,42.2333930857874,70.93633,12.3076923076923,"MRT",77.9917043275508,69.7500630872164,41.8258051311599,77.974783389674,37.7083714684382,33.2838666676778,63.1891908486424,46.0831236414656,54.795,NA,NA,96.166646549,96.7521,0.5,90.1657334266573,35.4189500640205,56.76072,13.2307692307692,NA,70.8961199939143,35.1368130982632,NA,25.4491979052266,29.85081716977,NA,NA,64.472,88.452361031588,79.1734221183021,95.8384353,96.5753,1.8,94.6676380322236,38.2892018779343,63.94781,12.9230769230769,77.3659277166301,72.2203433330559,38.3866962670037,76.7161258947594,35.4380614434286,31.6292800361875,62.6576557722299,44.138270182903
"37","Congo, Democratic Republic of the",83.5686,80.5691816159234,73.123528850947,29.36041506,88.6801517846368,1.09999999999999,88.4815942600828,78.2,90.96097,6.15384615384615,"COD",79.0871034889568,51.9055402761799,58.4382720512821,78.962897028546,22.4366782844966,35.2427257428955,63.1436386054729,39.6719646381826,74.2116,88.7297410510316,61.156725344229,29.55990434,90.0230058171214,0.700000000000003,90.4137629294325,59,79.71484,4.92307692307692,74.6993554650869,52.6741682716385,47.8793056410256,73.8462439587199,20.2580332505341,28.5020394824954,58.4176097925837,34.9355197828758,78.6405,86.1008612126941,64.5514460797527,29.47108735,88.4538884383562,0.799999999999997,89.6173554078502,68.6,84.98951,5.53846153846154,76.4309357641489,52.0855827990516,53.0426571794872,75.8903540790101,20.7921212896935,31.8438958672875,60.5197252475626,36.9009197794601
"38","Mali",85.0287,92.3811807139958,93.5688078597627,50.27393762,100,4.59999999999999,97.8069054171682,45.3,57.83326,2.15384615384615,"MLI",90.3262295245862,63.1702107592921,35.0957020512821,90.2457408865133,38.780871361185,17.8031500243824,62.8640474450534,39.6442655401352,63.1487,94.5279357952548,87.2374594476948,52.19788202,100,3.40000000000001,91.3097680022638,33.9,43.39811,2.15384615384615,81.6380317476499,61.7269125055659,26.4839853846154,80.4530536597507,35.6789659760579,14.6879684562646,56.6163098792771,34.8047758470565,73.284,80.7867405539583,51.0965942694821,51.15061863,100,4,95.3865004993815,39.6,50.1347,2.15384615384615,68.3891116078134,62.6342797823454,30.6295153846154,67.1295499356896,37.3765704488237,16.2311551275481,53.8843022582581,34.4049452557721
"39","Gambia",54.7195,91.22328641306,82.4637113845961,88.7185971,94.7117,12.7,59.3792516123672,63.3,70.74348,11.0769230769231,"GMB",76.1354992658854,63.8773871780918,48.3734676923077,74.3881178518896,50.1723201180004,36.7425891431477,62.7954513787616,51.5678672896104,46.5381,96.0960413368817,82.3859730066887,90.080234405,90.5147,16.1,56.986439473445,55.5,64.44683,12.3076923076923,75.0067047811902,63.4203434696112,44.0848407692308,71.6895421947649,52.2981716016385,35.309404342559,60.8372963400107,50.965650065351,50.4539,92.8777443309899,83.3786352253667,89.30248943,92.7645,14,58.4558671118382,59.4,67.16138,11.6923076923077,75.5700931854522,63.6307141354595,46.0845625641026,73.1061188052187,51.0270403285544,35.9972035605591,61.7617899616714,51.2083705701195
"40","CÃ´te d'Ivoire",74.6412,85.7789132660438,72.605676106359,72.58320321,93.3692,1,88.1489177257996,49.6,63.84492,23.0769230769231,"CIV",77.6752631241343,63.7753302339499,45.507281025641,77.4657819214991,27.8012413606467,41.808248652871,62.3192914612417,44.8207057616408,55.839,98.5807955713507,62.140647598813,78.05171346,90.2503,0.599999999999994,80.5068220264398,30,53.0251,21.8461538461538,72.1868143900546,62.35220887161,34.9570846153846,69.9361802648906,24.1520365571627,32.6331687106411,56.498702625683,38.0573289459177,65.1728,91.2848767344812,54.5044888154523,74.98286619,91.9285,0.799999999999997,84.6188854477538,39.8,58.42015,22.4615384615385,70.3207218499779,63.0825629094385,40.2272294871795,68.7014380979984,26.1361957793051,37.379063213928,57.8768380821986,40.6392363521616
"41","Ethiopia",94.3372,94.3859068731768,76.8877458471873,71.27836291,81.2433,7.09999999999999,62.9807316408374,26.2,73.52072,19.3846153846154,"ETH",88.536950906788,55.6505986377094,39.7017784615385,88.135137794742,40.1146336715267,33.4238194844527,61.2964426686786,49.0722530884402,84.8725,99.3303384514854,77.1534191458378,74.80647044,74.6356,6.5,50.8220196175302,25.8,71.97251,17.2307692307692,87.1187525324411,51.6910225143826,38.3344264102564,86.6432422980052,36.8521319234527,31.746584421992,59.04806715236,46.6263522082682,89.5185,96.5657341362328,81.733208352793,72.92159264,78.0924,6.8,57.1828770210654,26,72.75482,18.1538461538462,89.2724808296752,53.7492174152664,38.9695553846154,89.0659005279721,38.5753573164977,32.5038338798664,60.6637512098523,48.1561771647218
"42","Malawi",76.4068,89.4773075397692,95.7207125493925,35.29231636,92.9476057246961,8.59999999999999,86.5603627862926,35.1,72.49172,10.7692307692308,"MWI",87.2016066963873,55.8500712177472,39.4536502564103,86.8194333866765,39.5306515462465,30.1481083934889,60.8351093901816,46.9465478533244,58.6081,93.9596224162758,88.3417071165694,34.98506952,90.4295593261962,8.5,80.9132343461009,27.6,73.3858,13.2307692307692,80.3031431776151,53.7069657980743,38.0721897435897,78.6480991932403,38.4067811529653,29.9250857268391,57.3607662397597,44.8790699515537,67.0997,92.6983718596756,96.1974954385559,35.14226589,90.6506703099651,8.5,83.8240952434467,33.05,72.93561,18.1538461538462,85.3318557660772,54.529257860853,41.3798187179487,84.2659555567846,38.8147814438962,35.2392436140848,60.4136441149596,48.665959573782
"43","Tanzania, United Republic of",89.378,89.4363561748131,65.7090144352587,59.72133765,84.06,2.7,58.032824723161,36.4,87.0131,25.2307692307692,"TZA",81.5077902033573,51.1285405932903,49.5479564102564,80.684459518102,29.780987659963,43.0730381271137,60.7280957356346,46.9509984262111,80.9617,96.9309338915299,77.3042399351069,56.58519494,86.64,2.7,67.9645399326727,35.7,84.6408,29.2307692307692,85.0656246088789,53.4724337181682,49.8571897435897,84.6541870404692,30.7975983932869,44.5344479661793,62.7984160235456,48.7850913686042,85.068,93.2213265741775,72.7119192133462,58.21733709,85.33,2.7,62.13105447958,36.3,85.75514,27.0769230769231,83.6670819291746,52.094597892395,49.7106876923077,83.2330296429808,30.2138899281397,43.8451976486485,61.8241225046257,47.9521546195799
"44","Afghanistan",81.7456,85.2584140800776,84.9469917244571,53.16030956,77.3203,2.77045432427488,78.3116115653641,41.4,74.0848,17.8461538461538,"AFG",83.9836686015116,52.8906688624097,44.4436512820513,83.9685292636467,30.7301405696016,37.9686097584603,60.4393295819909,46.1001065964285,34.1057,91.9090436774554,66.1741477252716,46.61258705,69.8647,3.78532417533223,95.9389173314373,16.2,56.25475,15.3846153846154,64.062963800909,54.0503821391924,29.2797884615385,59.1958403856936,32.9772718488671,24.1131317444672,49.1310448005466,36.1065930605419,57.9925,86.6386557710331,81.4493554985783,51.6198855,75.5285,2.59108296717498,82.5477663334958,28.8,65.42055,16.9230769230769,75.3601704232038,53.0718087001677,37.0478756410256,74.2432650490002,30.2188988883495,31.7099338283997,55.1599515881324,41.4359224319471
"45","Nigeria",81.7167,80.0241397608247,73.2179611199503,43.77585871,77.4401160354553,1,48.5080836350352,69.8,81.58064,8.92307692307692,"NGA",78.3196002935917,42.6810145951226,53.4345723076923,78.2317697854766,20.1374139059084,37.0384146354766,58.1450623988022,38.7864245615597,75.4803,88.9423829951041,58.018063719636,55.41044614,80.4791191512221,0.700000000000003,68.8314189146623,60.8,68.26263,6.46153846153846,74.1469155715801,51.3552460514711,45.1747228205128,73.0300957100543,21.5297955592931,29.9323519583806,56.8922948145213,36.1044615934781,78.6401,86.1349895664319,66.5494042543668,48.54797292,79.3511308084878,0.900000000000006,58.7557484098358,65.3,75.02875,7.69230769230769,77.1081646069329,46.8887130345809,49.3403525641026,76.6753813868299,21.2448795560501,33.5273462814169,57.7790767352055,37.940507230148
"46","Benin",89.1083,92.1778118409962,63.5929533942126,45.86417115,64.96,1.40000000000001,49.5447818875927,56.4,69.76118,25.8461538461538,"BEN",81.626355078403,40.4422382593982,50.6691112820513,80.534972722981,21.3211870654075,46.6762849387029,57.5792348732841,43.1152318932623,76.8195,94.3141308530154,69.7449832528787,62.0609722,55.23,1.09999999999999,73.8341579074146,41,51.94362,25.8461538461538,80.2928713686313,48.0562825268537,39.5965912820513,79.650237010173,22.9699953491319,38.0397217483489,55.9819150591788,41.1334468717899,82.7657,94.3887593840921,67.6846080196152,54.51231981,59.73,1.2,78.2506045590504,48.7,60.94808,25.8461538461538,81.6130224679024,48.4232310922626,45.1647446153846,80.8636851932158,23.5146777586315,42.4908062470519,58.4003327251832,43.2310560166243
"47","Rwanda",75.4056,93.1719783143874,79.9562402790137,46.78355091,83.2808,2.5,31.238472277228,38,84.32593,15.6923076923077,"RWA",82.8446061978004,40.950705796807,46.0060792307692,82.5113628451399,23.486427756577,36.9099834474438,56.6004637417922,41.5105217803476,63.8281,99.0749465538319,80.8001607882854,49.59528298,77.717,2.2,28.364668701497,40.5,88.50182,20,81.2344024473724,39.4692379203742,49.6672733333333,79.9458632147732,22.1456891265809,41.5412034187245,56.7903045670267,41.8974980703184,69.3778,96.08599126816,82.3948275676248,48.19208333,80.7203,2.40000000000001,29.9159356156791,38.7,86.49277,17.8461538461538,82.6195396119283,40.3070797364198,47.6796412820513,81.8955271440819,22.9888938529973,39.0911518879352,56.8687535434664,41.9069038069046
"48","Madagascar",95.8745,90.5816668001146,72.9718355773194,26.92229107,62.38,2.5,27.3612923588724,47.9,81.71984,15.3846153846154,"MDG",86.476000792478,29.7908958572181,48.3348184615385,85.8946729233879,18.4101997349425,39.1967345820606,54.8672383704115,39.5753598861686,90.7128,97.8595892382657,88.9540013748614,27.14112922,46.17,2.3,20.6248624170571,45.2,80.67803,16,92.5087968710424,24.0589979092643,47.2926766666667,92.4298999898817,15.6144492639278,38.7856642968843,54.6201571489911,38.2534077212825,93.2158,94.8518063533902,68.1252716708537,27.02889873,54.16,2.40000000000001,24.0666546953448,40.3883696116091,81.19837,15.6923076923077,85.3976260080813,26.9138883563362,45.7596824346389,84.4528794219235,17.0523207814186,37.1960494239702,52.6903989330188,37.6962593845253
"49","Bolivia",94.9785,83.5834126070229,81.3166257503623,94.329470485,96.29,7.09999999999999,93.9857819265894,NA,99.39402,NA,"BOL",86.6261794524617,72.9263131028974,NA,86.4254371332343,49.617773553274,NA,NA,NA,81.8084,75.7802697976197,76.9038692955314,90.29315388,94.576,5,90.7912131568115,NA,99.40421,NA,78.164179697717,70.1650917592029,NA,78.1209313740384,44.3723466443005,NA,NA,NA,88.3646,80.0472645141178,79.276577201893,92.602523519,95.5255,6.3,92.5608119569298,NA,99.39917,NA,82.562813905337,71.7472088689825,NA,82.4625133451804,47.6570835646287,NA,NA,NA
"50","Cape Verde",72.32,52.6468518010657,92.3440759745124,96.4613646,77.89,24.5,44.6599407605797,NA,97.58501,NA,"CPV",72.4369759251927,60.8778263401449,NA,70.5797238052159,53.5463451525133,NA,NA,NA,67.17,83.9960459184451,96.7160646805899,97.346733668,79.1,36.4,87.8690761158161,NA,98.73018,NA,82.6273701996783,75.178952445954,NA,81.7167217996585,70.4464037966273,NA,NA,NA,69.75,67.7634546375535,98.6570243088538,96.826779492,78.38,29.4,47.3470657451614,NA,98.11131,NA,78.7234929821358,62.9884613092904,NA,77.5453786383567,57.0112136823065,NA,NA,NA
"51","Micronesia, Federated States of",81.7005,NA,NA,85.7021917458568,94.4091,8.59539641943734,85.1337912532667,NA,NA,NA,"FSM",NA,68.4601198546402,NA,NA,49.3279898357743,NA,NA,NA,70.8715,NA,NA,NA,NA,NA,NA,NA,NA,NA,NA,NA,NA,NA,NA,NA,NA,NA,76.3101,NA,NA,90.0870682439698,96.3387,11.1537735849057,86.9592774520678,NA,NA,NA,NA,71.1347048202358,NA,NA,53.864203908472,NA,NA,NA
"52","Kenya",90.8041,85.7381020135088,72.7519591814584,64.66512532,NA,NA,NA,52.9,87.59,20.0442655935614,"KEN",83.0980537316557,NA,53.5114218645205,82.7385690538992,NA,45.2862940689902,NA,NA,81.759,96.2431643336026,77.0906183773712,67.75843121,NA,NA,NA,53.5,88.08,22.4513637005982,85.0309275703246,NA,54.6771212335327,84.6516961884568,NA,47.2960209140519,NA,NA,86.2689,92.6228423664064,74.8560800354912,66.14677895,NA,NA,NA,51.75,87.83,47.6923076923077,84.5826074672992,NA,62.4241025641026,84.2558016790192,NA,60.0713222366648,NA,NA
"53","Kiribati",53.81,NA,NA,NA,NA,NA,68.7344913151365,NA,NA,22.1538461538462,"KIR",NA,NA,NA,NA,NA,NA,NA,NA,52.4027,NA,NA,NA,NA,NA,84.929178470255,NA,NA,28.9230769230769,NA,NA,NA,NA,NA,NA,NA,NA,53.1097,NA,NA,NA,NA,NA,74.9672917575229,NA,NA,25.5384615384615,NA,NA,NA,NA,NA,NA,NA,NA
"54","Sri Lanka",83.225,69.4841305773091,89.648445884233,99.631996976,97.1802,15.6,72.2738954544302,NA,98.50948,NA,"LKA",80.785858820514,71.1715231076076,NA,80.3330147589247,57.4805177455084,NA,NA,NA,67.8434,100,76.8522975952065,99.804058467,96.7184,32,85.0605246929717,NA,99.04459,NA,81.5652325317355,78.3957457899929,NA,80.4862117334259,71.5951882355244,NA,NA,NA,75.2778,84.8413252817685,81.321468072864,99.683583194,97.0357,21.1,76.7590163823227,68.5860221937687,98.78194,30.7692307692308,80.4801977848775,73.6445748940807,66.0457309876665,80.3821942892515,62.9131977400921,59.293888896841,73.3901678888749,66.9325212028162
"55","Niger",43.1429,NA,NA,54.69843518,89.6828426635058,1.40000000000001,84.6454093624393,32.1,48.55718,2.15384615384615,"NER",NA,57.6066718014863,27.6036753846154,NA,27.6123855171698,14.9735366317557,NA,NA,22.8976,NA,NA,57.09752199,84.2016525382756,1.3,73.3540151202319,14.9,31.64391,0.615384615384615,NA,53.9882974121269,15.7197648717949,NA,26.0211376180821,6.62024935877322,NA,NA,31.4357,NA,NA,55.66842999,90.1877598828901,1.3,87.0534873712242,23.5,39.78773,1.53846153846154,NA,58.5524193110286,21.6087305128205,NA,27.4550048491504,11.2884562961166,NA,NA
"56","Papua New Guinea",73.5597,64.473569182194,58.6062078452175,68.63145808,NA,NA,NA,35.6,64.57,16.9230769230769,"PNG",65.5464923424705,NA,39.0310256410256,65.2612058968224,NA,33.8833782758601,NA,NA,71.0163,90.7590320593835,68.7765642971844,70.51292984,NA,NA,NA,31.5,71.4,18.4615384615385,76.850632118856,NA,40.4538461538462,76.2481758271635,NA,34.6278519194113,NA,NA,72.3161,80.2722572240084,62.5124664736795,69.57306279,NA,NA,NA,33.55,67.9,17.8461538461538,71.700274565896,NA,39.7653846153846,71.3272864525509,NA,34.3849959181766,NA,NA
"57","Solomon Islands",94.9038,97.2004435114754,93.3675184439244,77.87241439,95.8374,12.2312989758143,96.9511791129819,NA,NA,15.6923076923077,"SLB",95.1572539851333,70.7230731196991,NA,95.1442517356049,54.5426312132368,NA,NA,NA,91.0565,89.1327211757937,83.0490118059729,77.12698229,97.5904,10.7251678753693,87.8345746582245,NA,NA,22.4615384615385,87.7460776605889,68.3192812058985,NA,87.6787189656211,51.6025020353124,NA,NA,NA,92.956,94.2394825147062,87.5603642852557,77.51039577,96.7342,13.378400964935,97.7742059018657,NA,NA,19.0769230769231,91.5852822666539,71.3493006592002,NA,91.5389570309183,55.9618581176381,NA,NA,NA
"58","Eswatini",70.1541,NA,NA,95.412026726,98.0528534246575,35.2,89.3378051496681,NA,94.29769,NA,"SWZ",NA,79.5006713250814,NA,NA,73.6478927190251,NA,NA,NA,58.8054,NA,NA,96.128364389,97.3251,35.9,90.2566902116046,NA,96.69525,NA,NA,79.9025386501512,NA,NA,74.2014796995614,NA,NA,NA,64.5382,NA,NA,95.731895223,98.5669,35.5,73.8478909838982,68.5980527102006,95.46937,43.0769230769231,NA,75.9116715517245,69.0481152623746,NA,70.5242621570985,65.5853498685572,NA,NA
"59","Timor-Leste",83.7666,NA,NA,72.5516582,88.8432214709191,4.5,48.6578637406236,75.8,82.45848,20.3076923076923,"TLS",NA,53.6381858528857,59.5220574358974,NA,34.4674614140833,50.2560519961136,NA,NA,74.3052,NA,NA,73.64040205,90.4750786846245,10.7,50.6868843960601,81.1,84.65051,24,NA,56.3755912826712,63.25017,NA,43.5994613462288,54.8218758302244,NA,NA,79.0487,75.1379148599096,75.9489784589466,73.03189542,99.2517,6.90000000000001,49.3143791671908,78.45,83.53903,21.8461538461538,76.7118644396187,57.1244936467977,61.2783946153846,76.6935079157987,39.6294729756681,52.3141437356139,65.0382509006003,54.1749692590239
"60","Vanuatu",73.6542,NA,NA,NA,NA,NA,94.2166060234098,59.0074263764404,95.97657,15.6923076923077,"VUT",NA,NA,56.8921013562494,NA,NA,44.6258229228551,NA,NA,64.7548,NA,NA,NA,NA,NA,89.3212801469682,58.6708706786172,96.59661,18.4615384615385,NA,NA,57.9096730467185,NA,NA,47.1213187247839,NA,NA,69.0311,NA,NA,NA,NA,NA,91.7956956485611,57.9233034571063,96.28212,17.2307692307692,NA,NA,57.1453975626252,NA,NA,45.8037684888532,NA,NA
"61","Yemen",77.9454,89.4897709986689,89.4952367518041,49.86067074,91.3773,11.1,77.9329930192092,NA,NA,6.46153846153846,"YEM",85.6434692501577,57.5677409398023,NA,85.4649289728114,44.5564101536425,NA,NA,NA,30.3098,88.6101299574908,63.0732086071823,53.83937578,89.2935,3.59999999999999,76.2534321255112,NA,NA,6.76923076923077,60.6643795215577,55.7465769763778,NA,55.3312467768303,33.8938138317888,NA,NA,NA,55.2316,89.431851983893,86.7665383997486,50.14406342,91.2132,10.5,77.4583272415159,NA,NA,6.46153846153846,77.1433301278805,57.328897665379,NA,75.3952594531152,43.9171002938109,NA,NA,NA
"62","Bhutan",78.11533125,85.721967332274,59.7357344066437,97.827009192,97.51,15.5907601396723,88.9524246394136,NA,93.27016,NA,"BTN",74.5243443296392,74.9700484927715,NA,73.680778388686,60.3091563556696,NA,NA,NA,53.4637025439408,77.5351898468409,51.0618281436547,97.444849221,97.12,20.651007252216,90.1676049993274,NA,92.89112,NA,60.6869068448121,76.3458653681358,NA,59.5961331812398,64.7910224944989,NA,NA,NA,65.471042,82.3995612748016,54.8291143047004,97.642695039,97.31,16.295838718015,91.1483664336975,NA,93.09063,NA,67.5665725265007,75.5992250476781,NA,66.6287697253113,61.2922704818889,NA,NA,NA
"63","Lesotho",NA,100,NA,49.5103124,99.44,7.35012087026592,83.6184986071406,55.6,79.60804,18.4572047670639,"LSO",NA,59.9797329693516,51.221748255688,NA,41.7074278486224,43.3909559087294,NA,NA,NA,100,NA,59.75341164,99.57,10.7063658340048,87.8211964011379,72.2,93.96988,29.3197041782467,NA,64.4627434687857,65.1631947260823,NA,48.6332351598831,58.3752138644313,NA,NA,NA,100,NA,53.4460446,99.49,8.45458774877229,84.8650146933164,63.9,86.6322,28.6153846153846,NA,61.5639117605222,59.7158615384615,NA,44.1955997528455,54.1078066806393,NA,NA
"64","Morocco",NA,72.6752887123223,NA,99.541836098,95.32,12.4,88.1170264545722,64.2690012804097,98.04,18.1538461538462,"MAR",NA,73.844715638143,60.1542824780853,NA,56.7437194785619,48.542764029693,NA,NA,NA,94.807526873568,NA,99.551038074,97.72,15.3,90.3660383225939,62.8460947503201,97.4,23.3846153846154,NA,75.7342690991485,61.2102367116452,NA,60.5593885125849,52.3105349512686,NA,NA,NA,80.9472353536802,NA,99.544062465,86.98,12.9,86.3519558394996,60.6564127187367,97.73,20.6153846153846,NA,71.4440045761249,59.6672657780404,NA,55.7280906068672,49.6247906388737,NA,NA
"65","Burkina Faso",NA,NA,NA,59.18782675,99.4305,1.5,78.811805322231,29.9,61.79,32.9230769230769,"BFA",NA,59.7325330180578,41.5376923076923,NA,28.8807613630179,39.3275235761383,NA,NA,83.1660697039778,98.8679351198282,95.5305987420601,63.84986109,98.7913,0.700000000000003,83.7448477492583,39.5,54.67,30.7692307692308,92.5215345219554,61.7715022098146,41.6464102564103,92.267349937638,24.6594677543054,40.5030383176217,65.3131489960601,45.1689279339473,89.426188,95.495685287031,94.9023050569727,61.07558558,99.0908,1.09999999999999,80.9731088376987,24.8,58.29,32,93.2747261146679,60.5598736044247,38.3633333333333,93.2341629951221,27.0962142904063,35.8975854656946,64.065977684142,44.9279198052984
"66","Central African Republic",NA,NA,NA,29.94385831,NA,NA,NA,NA,47.80493,NA,"CAF",NA,NA,NA,NA,NA,NA,NA,NA,NA,NA,NA,30.83193139,NA,NA,NA,NA,28.70666,NA,NA,NA,NA,NA,NA,NA,NA,NA,NA,NA,NA,30.36608751,NA,NA,NA,NA,38.26865,NA,NA,NA,NA,NA,NA,NA,NA,NA
"67","Congo",NA,NA,NA,56.15675125,NA,NA,NA,82.5,85.34165,22.1538461538462,"COG",NA,NA,63.331832051282,NA,NA,53.829627323575,NA,NA,NA,NA,NA,56.6190065,NA,NA,NA,74,78.74231,21.2307692307692,NA,NA,57.9910264102564,NA,NA,49.8274352614876,NA,NA,NA,NA,NA,56.39232991,NA,NA,NA,78.25,82.05479,21.8461538461538,NA,NA,60.7169812820513,NA,NA,51.9582390981993,NA,NA
"68","Eritrea",NA,NA,NA,48.14662696,NA,NA,NA,NA,93.81868,NA,"ERI",NA,NA,NA,NA,NA,NA,NA,NA,NA,NA,NA,50.70745408,NA,NA,NA,NA,92.71403,NA,NA,NA,NA,NA,NA,NA,NA,NA,NA,NA,NA,49.3291852,NA,NA,NA,NA,93.27239,NA,NA,NA,NA,NA,NA,NA,NA,NA
"69","Guinea",NA,NA,NA,55.80105295,NA,NA,NA,49.5,56.97051,36,"GIN",NA,NA,47.49017,NA,NA,46.6501025007828,NA,NA,NA,NA,NA,65.91873756,NA,NA,NA,30.7,37.21018,29.8461538461538,NA,NA,32.5854446153846,NA,NA,32.426208674167,NA,NA,NA,NA,NA,61.59721549,NA,NA,NA,40.1,46.29505,33.2307692307692,NA,NA,39.8752730769231,NA,NA,39.5129791104006,NA,NA
"70","Guinea-Bissau",NA,NA,NA,36.29205735,NA,NA,NA,NA,71.25033,NA,"GNB",NA,NA,NA,NA,NA,NA,NA,NA,NA,NA,NA,37.48400073,NA,NA,NA,NA,49.75632,NA,NA,NA,NA,NA,NA,NA,NA,NA,NA,NA,NA,36.87457595,NA,NA,NA,NA,60.40235,NA,NA,NA,NA,NA,NA,NA,NA,NA
"71","Korea, Democratic People's Republic of",NA,NA,NA,77.71491772,NA,NA,NA,NA,NA,NA,"PRK",NA,NA,NA,NA,NA,NA,NA,NA,NA,NA,NA,77.14209384,NA,NA,NA,NA,NA,NA,NA,NA,NA,NA,NA,NA,NA,NA,NA,NA,NA,77.43175251,NA,NA,NA,NA,NA,NA,NA,NA,NA,NA,NA,NA,NA,NA
"72","Somalia",NA,NA,NA,23.88143456,NA,NA,NA,NA,NA,NA,"SOM",NA,NA,NA,NA,NA,NA,NA,NA,NA,NA,NA,26.93311135,NA,NA,NA,NA,NA,NA,NA,NA,NA,NA,NA,NA,NA,NA,NA,NA,NA,24.59636092,NA,NA,NA,NA,NA,NA,NA,NA,NA,NA,NA,NA,NA,NA
"73","Syrian Arab Republic",NA,NA,NA,71.94076198,NA,NA,NA,NA,NA,NA,"SYR",NA,NA,NA,NA,NA,NA,NA,NA,NA,NA,NA,78.82519699,NA,NA,NA,NA,NA,NA,NA,NA,NA,NA,NA,NA,NA,NA,NA,NA,NA,72.55293577,NA,NA,NA,NA,NA,NA,NA,NA,NA,NA,NA,NA,NA,NA
"74","Chad",NA,NA,NA,58.74610771,NA,NA,NA,47.9,40.69289,11.6923076923077,"TCD",NA,NA,33.4283992307692,NA,NA,28.3520692625735,NA,NA,NA,NA,NA,62.30346214,NA,NA,NA,25.1,22.38715,7.07692307692308,NA,NA,18.1880243589744,NA,NA,15.8430576268361,NA,NA,NA,NA,NA,60.54668964,NA,NA,NA,36.5,30.79161,10.1538461538462,NA,NA,25.8151520512821,NA,NA,22.5139629434067,NA,NA
"75","Tajikistan",NA,NA,NA,96.444263515,NA,NA,NA,86.8281177976953,99.86,43.3846153846154,"TJK",NA,NA,76.6909110607702,NA,NA,72.1875939384227,NA,NA,NA,NA,NA,94.478403783,NA,NA,NA,95.8,99.9,45.5384615384615,NA,NA,80.4128205128205,NA,NA,75.8175565576328,NA,NA,NA,NA,NA,95.670444163,NA,NA,NA,81.0204438753735,99.9,44.3076923076923,NA,NA,75.0760453943553,NA,NA,71.0471093092508,NA,NA
"76","Uzbekistan",NA,NA,NA,78.35011472,NA,NA,NA,NA,99.99996,NA,"UZB",NA,NA,NA,NA,NA,NA,NA,NA,NA,NA,NA,78.27225228,NA,NA,NA,NA,99.99996,NA,NA,NA,NA,NA,NA,NA,NA,NA,NA,NA,NA,78.32144584,NA,NA,NA,NA,99.99996,NA,NA,NA,NA,NA,NA,NA,NA,NA
"77","Sao Tome and Principe",NA,NA,NA,NA,NA,NA,NA,NA,97.71246,NA,"STP",NA,NA,NA,NA,NA,NA,NA,NA,NA,NA,NA,NA,NA,NA,NA,NA,97.85418,NA,NA,NA,NA,NA,NA,NA,NA,NA,NA,NA,NA,NA,NA,NA,NA,NA,97.78255,NA,NA,NA,NA,NA,NA,NA,NA,NA
"78","South Sudan",NA,NA,NA,NA,NA,NA,NA,NA,48.42514,NA,"SSD",NA,NA,NA,NA,NA,NA,NA,NA,NA,NA,NA,NA,NA,NA,NA,NA,47.3692,NA,NA,NA,NA,NA,NA,NA,NA,NA,NA,NA,NA,NA,NA,NA,NA,33.4801643192488,47.90096,11.0769230769231,NA,NA,30.8193491320573,NA,NA,26.0925773342796,NA,NA
"79","Djibouti",NA,NA,NA,NA,NA,NA,NA,NA,NA,NA,"DJI",NA,NA,NA,NA,NA,NA,NA,NA,NA,NA,NA,NA,NA,NA,NA,NA,NA,NA,NA,NA,NA,NA,NA,NA,NA,NA,NA,NA,NA,NA,NA,NA,NA,NA,NA,NA,NA,NA,NA,NA,NA,NA,NA,NA
